"","Financials","Real.Estate","Health.Care","Basic.Materials","Telecommunications","Technology","Consumer.Discretionary","Consumer.Staples","Industrials","Energy","Utilities"
"1","X000001.CH.Equity","X000002.CH.Equity","X000020.KS.Equity","X000050.KS.Equity","X000063.CH.Equity","X000066.CH.Equity","X000069.CH.Equity","X000070.KS.Equity","X000120.KS.Equity","X002202.CH.Equity","X004690.KS.Equity"
"2","X000060.KS.Equity","X001979.CH.Equity","X000220.KS.Equity","X000301.CH.Equity","X002475.CH.Equity","X000100.CH.Equity","X000240.KS.Equity","X000080.KS.Equity","X000157.CH.Equity","X002459.CH.Equity","X1038.HK.Equity"
"3","X000166.CH.Equity","X101.HK.Equity","X000230.KS.Equity","X000590.KS.Equity","X005110.KS.Equity","X000660.KS.Equity","X000270.KS.Equity","X000140.KS.Equity","X000180.KS.Equity","X002960.KS.Equity","X2.HK.Equity"
"4","X000370.KS.Equity","X1109.HK.Equity","X000520.KS.Equity","X000670.KS.Equity","X005870.KS.Equity","X000725.CH.Equity","X000300.KS.Equity","X000568.CH.Equity","X000210.KS.Equity","X003580.KS.Equity","X2688.HK.Equity"
"5","X000400.KS.Equity","X1113.HK.Equity","X000538.CH.Equity","X000703.CH.Equity","X1810.HK.Equity","X000938.CH.Equity","X000333.CH.Equity","X000596.CH.Equity","X000320.KS.Equity","X1605.JT.Equity","X3.HK.Equity"
"6","X000540.KS.Equity","X12.HK.Equity","X000640.KS.Equity","X000708.CH.Equity","X300628.CH.Equity","X000977.CH.Equity","X000430.KS.Equity","X000858.CH.Equity","X000338.CH.Equity","X300274.CH.Equity","X6.HK.Equity"
"7","X000776.CH.Equity","X16.HK.Equity","X000661.CH.Equity","X000760.KS.Equity","X600050.CH.Equity","X000990.KS.Equity","X000625.CH.Equity","X000876.CH.Equity","X000390.KS.Equity","X386.HK.Equity","X600011.CH.Equity"
"8","X000783.CH.Equity","X17.HK.Equity","X000963.CH.Equity","X000950.KS.Equity","X601138.CH.Equity","X002008.CH.Equity","X000650.KS.Equity","X000890.KS.Equity","X000425.CH.Equity","X5019.JT.Equity","X600025.CH.Equity"
"9","X000810.KS.Equity","X1997.HK.Equity","X001060.KS.Equity","X000970.KS.Equity","X762.HK.Equity","X002027.CH.Equity","X000651.CH.Equity","X000895.CH.Equity","X000480.KS.Equity","X5020.JT.Equity","X600795.CH.Equity"
"10","X001200.KS.Equity","X2007.HK.Equity","X001360.KS.Equity","X001070.KS.Equity","X941.HK.Equity","X002049.CH.Equity","X000680.KS.Equity","X001130.KS.Equity","X000490.KS.Equity","X600028.CH.Equity","X600886.CH.Equity"
"11","X001270.KS.Equity","X3289.JT.Equity","X001630.KS.Equity","X001230.KS.Equity","X9432.JT.Equity","X002129.CH.Equity","X000800.CH.Equity","X001680.KS.Equity","X000500.KS.Equity","X601088.CH.Equity","X600900.CH.Equity"
"12","X001290.KS.Equity","X600048.CH.Equity","X002007.CH.Equity","X001340.KS.Equity","X9433.JT.Equity","X002230.CH.Equity","X001420.KS.Equity","X001790.KS.Equity","X000700.KS.Equity","X601225.CH.Equity","X9501.JT.Equity"
"13","X001450.KS.Equity","X600383.CH.Equity","X002044.CH.Equity","X001380.KS.Equity","X9434.JT.Equity","X002371.CH.Equity","X001460.KS.Equity","X001800.KS.Equity","X000720.KS.Equity","X601808.CH.Equity","X9502.JT.Equity"
"14","X001500.KS.Equity","X600606.CH.Equity","X002210.KS.Equity","X001390.KS.Equity","X9984.JT.Equity","X002410.CH.Equity","X001620.KS.Equity","X002001.CH.Equity","X000768.CH.Equity","X601857.CH.Equity","X9503.JT.Equity"
"15","X001510.KS.Equity","X600848.CH.Equity","X002252.CH.Equity","X001430.KS.Equity","AMXL.MF.Equity","X002414.CH.Equity","X002024.CH.Equity","X002140.KS.Equity","X000786.CH.Equity","X857.HK.Equity","X9531.JT.Equity"
"16","X001720.KS.Equity","X601155.CH.Equity","X002390.KS.Equity","X001530.KS.Equity","ANET.UN.Equity","X002415.CH.Equity","X002032.CH.Equity","X002157.CH.Equity","X000850.KS.Equity","X883.HK.Equity","X9532.JT.Equity"
"17","X001750.KS.Equity","X6098.HK.Equity","X002620.KS.Equity","X001550.KS.Equity","BCE.CT.Equity","X002600.CH.Equity","X002170.KS.Equity","X002270.KS.Equity","X000860.KS.Equity","X968.HK.Equity","A2A.IM.Equity"
"18","X002142.CH.Equity","X688.HK.Equity","X002720.KS.Equity","X001570.KS.Equity","BHARTI.IS.Equity","X002841.CH.Equity","X002241.CH.Equity","X002304.CH.Equity","X000880.KS.Equity","AAV.CT.Equity","ACO.X.CT.Equity"
"19","X002736.CH.Equity","X823.HK.Equity","X002821.CH.Equity","X001940.KS.Equity","BHIT.IJ.Equity","X002916.CH.Equity","X002350.KS.Equity","X002311.CH.Equity","X000910.KS.Equity","ADRO.IJ.Equity","AEE.UN.Equity"
"20","X003470.KS.Equity","X8801.JT.Equity","X003000.KS.Equity","X002020.KS.Equity","BLU.SJ.Equity","X002938.CH.Equity","X002420.KS.Equity","X002600.KS.Equity","X001040.KS.Equity","AKRA.IJ.Equity","AES.UN.Equity"
"21","X003530.KS.Equity","X8802.JT.Equity","X003060.KS.Equity","X002064.CH.Equity","BT.A.LN.Equity","X003160.KS.Equity","X002450.KS.Equity","X002714.CH.Equity","X001080.KS.Equity","ALD.AT.Equity","AGL.AT.Equity"
"22","X003540.KS.Equity","X8804.JT.Equity","X003090.KS.Equity","X002100.KS.Equity","CCA.CT.Equity","X004380.KS.Equity","X002555.CH.Equity","X002760.KS.Equity","X001120.KS.Equity","ALDREES.AB.Equity","AKSEN.TI.Equity"
"23","X003690.KS.Equity","X8830.JT.Equity","X003120.KS.Equity","X002240.KS.Equity","CDA.AT.Equity","X004710.KS.Equity","X002594.CH.Equity","X003230.KS.Equity","X001250.KS.Equity","APA.AT.Equity","ALA.CT.Equity"
"24","X005830.KS.Equity","X960.HK.Equity","X003220.KS.Equity","X002310.KS.Equity","CENT.IJ.Equity","X004770.KS.Equity","X002602.CH.Equity","X003680.KS.Equity","X001260.KS.Equity","ARX.CT.Equity","AQN.CT.Equity"
"25","X005940.KS.Equity","ADCO.AB.Equity","X003520.KS.Equity","X002360.KS.Equity","CHTR.UW.Equity","X005680.KS.Equity","X002607.CH.Equity","X003920.KS.Equity","X001440.KS.Equity","BIR.CT.Equity","ATO.UN.Equity"
"26","X11.HK.Equity","AIF.CT.Equity","X003850.KS.Equity","X002460.CH.Equity","CLNX.SM.Equity","X005930.KS.Equity","X002624.CH.Equity","X003960.KS.Equity","X001520.KS.Equity","BLDP.CT.Equity","AWK.UN.Equity"
"27","X1299.HK.Equity","ALAHLI.AB.Equity","X004080.KS.Equity","X002466.CH.Equity","CMCSA.UW.Equity","X006200.KS.Equity","X002700.KS.Equity","X004370.KS.Equity","X001560.KS.Equity","BOSS.IJ.Equity","BEP.U.CT.Equity"
"28","X1398.HK.Equity","ALANDALU.AB.Equity","X004310.KS.Equity","X002493.CH.Equity","CNU.AT.Equity","X2018.HK.Equity","X002790.KS.Equity","X004410.KS.Equity","X001740.KS.Equity","BP..LN.Equity","BIP.U.CT.Equity"
"29","X2318.HK.Equity","ALARKAN.AB.Equity","X004720.KS.Equity","X002568.CH.Equity","CSCO.UW.Equity","X2382.HK.Equity","X002880.KS.Equity","X004970.KS.Equity","X001780.KS.Equity","BPCL.IS.Equity","BLX.CT.Equity"
"30","X2388.HK.Equity","ALGYO.TI.Equity","X005250.KS.Equity","X002601.CH.Equity","CVH.AR.Equity","X2432.JT.Equity","X002920.KS.Equity","X004990.KS.Equity","X001820.KS.Equity","BPT.AT.Equity","CEPU.AR.Equity"
"31","X2628.HK.Equity","ALJAZIRA.AB.Equity","X005500.KS.Equity","X002690.KS.Equity","DISH.UW.Equity","X300033.CH.Equity","X003350.KS.Equity","X005180.KS.Equity","X001880.KS.Equity","BTE.CT.Equity","CMS.UN.Equity"
"32","X300059.CH.Equity","ALKHABEE.AB.Equity","X005690.KS.Equity","X002709.CH.Equity","DTE.GY.Equity","X300316.CH.Equity","X003490.KS.Equity","X005360.KS.Equity","X002030.KS.Equity","BUMI.IJ.Equity","CNP.UN.Equity"
"33","X388.HK.Equity","ALRAJHI.AB.Equity","X1093.HK.Equity","X002710.KS.Equity","EEC.AB.Equity","X300408.CH.Equity","X003560.KS.Equity","X005610.KS.Equity","X002050.CH.Equity","CCO.CT.Equity","CPX.CT.Equity"
"34","X3968.HK.Equity","AMT.UN.Equity","X1177.HK.Equity","X002810.KS.Equity","INW.IM.Equity","X3436.JT.Equity","X003570.KS.Equity","X005740.KS.Equity","X002120.CH.Equity","CNQ.CT.Equity","CU.CT.Equity"
"35","X3988.HK.Equity","APLN.IJ.Equity","X2269.HK.Equity","X003030.KS.Equity","MCG.SJ.Equity","X3690.HK.Equity","X003620.KS.Equity","X006040.KS.Equity","X002150.KS.Equity","COAL.IS.Equity","CWY.AT.Equity"
"36","X5.HK.Equity","AP.U.CT.Equity","X2413.JT.Equity","X003080.KS.Equity","MEGACPO.MF.Equity","X4689.JT.Equity","X004060.KS.Equity","X006090.KS.Equity","X002179.CH.Equity","COP.UN.Equity","D.UN.Equity"
"37","X600000.CH.Equity","ARE.UN.Equity","X300003.CH.Equity","X003200.KS.Equity","MTN.SJ.Equity","X4704.JT.Equity","X004100.KS.Equity","X1044.HK.Equity","X002200.KS.Equity","CPG.CT.Equity","DTE.UN.Equity"
"38","X600015.CH.Equity","ASRI.IJ.Equity","X300015.CH.Equity","X003240.KS.Equity","MTSS.RX.Equity","X4751.JT.Equity","X004170.KS.Equity","X1332.JT.Equity","X002236.CH.Equity","CTRA.UN.Equity","DUK.UN.Equity"
"39","X600016.CH.Equity","ATT.SJ.Equity","X300122.CH.Equity","X003610.KS.Equity","ORA.FP.Equity","X4755.JT.Equity","X004270.KS.Equity","X1333.JT.Equity","X002271.CH.Equity","CVX.UN.Equity","ED.UN.Equity"
"40","X600030.CH.Equity","AVB.UN.Equity","X300142.CH.Equity","X003650.KS.Equity","QBR.B.CT.Equity","X4901.JT.Equity","X004490.KS.Equity","X2002.JT.Equity","X002320.KS.Equity","DOID.IJ.Equity","EDF.FP.Equity"
"41","X600036.CH.Equity","AX.U.CT.Equity","X300347.CH.Equity","X003670.KS.Equity","RCI.B.CT.Equity","X4902.JT.Equity","X004700.KS.Equity","X2269.JT.Equity","X002352.CH.Equity","DVN.UN.Equity","EDN.AR.Equity"
"42","X600061.CH.Equity","BEI.U.CT.Equity","X300529.CH.Equity","X003720.KS.Equity","RTKM.RX.Equity","X600183.CH.Equity","X005030.KS.Equity","X2282.JT.Equity","X002410.KS.Equity","ELSA.IJ.Equity","EDP.PL.Equity"
"43","X600109.CH.Equity","BEST.IJ.Equity","X300558.CH.Equity","X003830.KS.Equity","RTKMP.RX.Equity","X600570.CH.Equity","X005070.KS.Equity","X2319.HK.Equity","X002460.KS.Equity","ENB.CT.Equity","EDPR.PL.Equity"
"44","X600837.CH.Equity","BKSL.IJ.Equity","X300595.CH.Equity","X004000.KS.Equity","SCACO.AB.Equity","X600584.CH.Equity","X005320.KS.Equity","X241.HK.Equity","X002780.KS.Equity","ENG.SM.Equity","EIX.UN.Equity"
"45","X600919.CH.Equity","BLND.LN.Equity","X300601.CH.Equity","X004020.KS.Equity","SITESB1.MF.Equity","X600588.CH.Equity","X005380.KS.Equity","X2501.JT.Equity","X002791.CH.Equity","ENI.IM.Equity","ELE.SM.Equity"
"46","X600926.CH.Equity","BONYAN.AB.Equity","X300676.CH.Equity","X004090.KS.Equity","SJR.B.CT.Equity","X600845.CH.Equity","X005390.KS.Equity","X2502.JT.Equity","X002812.CH.Equity","ENPH.UQ.Equity","EMA.CT.Equity"
"47","X600958.CH.Equity","BSDE.IJ.Equity","X300677.CH.Equity","X004430.KS.Equity","SPK.AT.Equity","X601231.CH.Equity","X005440.KS.Equity","X2503.JT.Equity","X002820.KS.Equity","EOG.UN.Equity","ENEL.IM.Equity"
"48","X600999.CH.Equity","BWP.AT.Equity","X300759.CH.Equity","X004560.KS.Equity","STC.AB.Equity","X6645.JT.Equity","X005720.KS.Equity","X2531.JT.Equity","X002870.KS.Equity","ERF.CT.Equity","ENGI.FP.Equity"
"49","X601009.CH.Equity","BXP.UN.Equity","X300760.CH.Equity","X004830.KS.Equity","T.CT.Equity","X6701.JT.Equity","X005800.KS.Equity","X2801.JT.Equity","X002900.KS.Equity","ESSA.IJ.Equity","ENJSA.TI.Equity"
"50","X601066.CH.Equity","CAR.U.CT.Equity","X4151.JT.Equity","X004890.KS.Equity","TCELL.TI.Equity","X6702.JT.Equity","X005850.KS.Equity","X2802.JT.Equity","X002990.KS.Equity","EXX.SJ.Equity","EOAN.GY.Equity"
"51","X601108.CH.Equity","CBRE.UN.Equity","X4502.JT.Equity","X005010.KS.Equity","TECO2.AR.Equity","X6703.JT.Equity","X1211.HK.Equity","X2871.JT.Equity","X003010.KS.Equity","FANG.UW.Equity","ES.UN.Equity"
"52","X601162.CH.Equity","CCI.UN.Equity","X4503.JT.Equity","X005490.KS.Equity","TEF.SM.Equity","X6724.JT.Equity","X175.HK.Equity","X288.HK.Equity","X003070.KS.Equity","FRU.CT.Equity","ETR.UN.Equity"
"53","X601166.CH.Equity","CCO.SJ.Equity","X4506.JT.Equity","X005810.KS.Equity","TIT.IM.Equity","X6753.JT.Equity","X1925.JT.Equity","X291.HK.Equity","X003300.KS.Equity","GALP.PL.Equity","EVRG.UN.Equity"
"54","X601169.CH.Equity","CHC.AT.Equity","X4507.JT.Equity","X005950.KS.Equity","TKG.SJ.Equity","X6762.JT.Equity","X1928.HK.Equity","X2914.JT.Equity","X003410.KS.Equity","GAZP.RX.Equity","FE.UN.Equity"
"55","X601211.CH.Equity","CHP.U.CT.Equity","X4519.JT.Equity","X006110.KS.Equity","TLS.AT.Equity","X6770.JT.Equity","X1928.JT.Equity","X300014.CH.Equity","X003480.KS.Equity","GEI.CT.Equity","FEES.RX.Equity"
"56","X601229.CH.Equity","CIGI.CT.Equity","X4523.JT.Equity","X006120.KS.Equity","TTKOM.TI.Equity","X6857.JT.Equity","X2020.HK.Equity","X300498.CH.Equity","X003550.KS.Equity","HAL.UN.Equity","FTS.CT.Equity"
"57","X601288.CH.Equity","COL.SM.Equity","X4543.JT.Equity","X1COV.GY.Equity","VOD.LN.Equity","X6971.JT.Equity","X2313.HK.Equity","X4452.JT.Equity","X003780.KS.Equity","HES.UN.Equity","HER.IM.Equity"
"58","X601318.CH.Equity","CRES.AR.Equity","X4568.JT.Equity","X3101.JT.Equity","VOD.SJ.Equity","X6976.JT.Equity","X2331.HK.Equity","X600132.CH.Equity","X004140.KS.Equity","IMO.CT.Equity","HYDR.RX.Equity"
"59","X601319.CH.Equity","CRR.U.CT.Equity","X4578.JT.Equity","X3103.JT.Equity","VZ.UN.Equity","X6981.JT.Equity","X27.HK.Equity","X600438.CH.Equity","X004250.KS.Equity","IOCL.IS.Equity","IBE.SM.Equity"
"60","X601328.CH.Equity","CRT.U.CT.Equity","X600079.CH.Equity","X3401.JT.Equity","ZAINKSA.AB.Equity","X700.HK.Equity","X300144.CH.Equity","X600519.CH.Equity","X004360.KS.Equity","IPEKE.TI.Equity","IG.IM.Equity"
"61","X601336.CH.Equity","CSH.U.CT.Equity","X600085.CH.Equity","X3402.JT.Equity",,"X7735.JT.Equity","X300413.CH.Equity","X600600.CH.Equity","X004440.KS.Equity","KCHOL.TI.Equity","INE.CT.Equity"
"62","X601377.CH.Equity","CTRA.IJ.Equity","X600161.CH.Equity","X3405.JT.Equity",,"X7751.JT.Equity","X300750.CH.Equity","X600809.CH.Equity","X004450.KS.Equity","KEY.CT.Equity","IRAO.RX.Equity"
"63","X601398.CH.Equity","CUF.U.CT.Equity","X600196.CH.Equity","X3407.JT.Equity",,"X7752.JT.Equity","X3086.JT.Equity","X600887.CH.Equity","X004800.KS.Equity","LKOH.RX.Equity","NG..LN.Equity"
"64","X601601.CH.Equity","DERAYAHR.AB.Equity","X600276.CH.Equity","X3861.JT.Equity",,"X8035.JT.Equity","X3099.JT.Equity","X8267.JT.Equity","X004840.KS.Equity","MEG.CT.Equity","NGIC.AB.Equity"
"65","X601628.CH.Equity","DILD.IJ.Equity","X600332.CH.Equity","X3863.JT.Equity",,"X9613.JT.Equity","X3382.JT.Equity","A2M.AT.Equity","X004870.KS.Equity","NVTK.RX.Equity","NPI.CT.Equity"
"66","X601688.CH.Equity","DIR.U.CT.Equity","X600436.CH.Equity","X4004.JT.Equity",,"AAPL.UW.Equity","X3659.JT.Equity","AALI.IJ.Equity","X004910.KS.Equity","ONGC.IS.Equity","NTGY.SM.Equity"
"67","X601788.CH.Equity","DLR.UN.Equity","X600763.CH.Equity","X4005.JT.Equity",,"ADBE.UW.Equity","X4324.JT.Equity","ABC.UN.Equity","X004960.KS.Equity","PETROR.AB.Equity","NTPC.IS.Equity"
"68","X601818.CH.Equity","DMAS.IJ.Equity","X601607.CH.Equity","X4021.JT.Equity",,"ADI.UW.Equity","X4911.JT.Equity","ABF.LN.Equity","X004980.KS.Equity","PEY.CT.Equity","ODAS.TI.Equity"
"69","X601838.CH.Equity","DRE.UN.Equity","X7733.JT.Equity","X4042.JT.Equity",,"ADSK.UW.Equity","X5101.JT.Equity","ABI.BB.Equity","X005090.KS.Equity","PKI.CT.Equity","ORG.AT.Equity"
"70","X601878.CH.Equity","D.U.CT.Equity","A.UN.Equity","X4043.JT.Equity",,"AEL.SJ.Equity","X5108.JT.Equity","AC..MF.Equity","X005430.KS.Equity","POU.CT.Equity","PAMP.AR.Equity"
"71","X601881.CH.Equity","EKGYO.TI.Equity","ABBV.UN.Equity","X4061.JT.Equity",,"AKAM.UW.Equity","X5802.JT.Equity","ADESE.TI.Equity","X005750.KS.Equity","PPL.CT.Equity","PWGR.IS.Equity"
"72","X6178.JT.Equity","EMAAR.AB.Equity","ABMD.UW.Equity","X4063.JT.Equity",,"AKE.AT.Equity","X600029.CH.Equity","ADM.UN.Equity","X005820.KS.Equity","PSK.CT.Equity","REE.SM.Equity"
"73","X7186.JT.Equity","EMI.SJ.Equity","ABT.UN.Equity","X4183.JT.Equity",,"ALU.AT.Equity","X600104.CH.Equity","AEFES.TI.Equity","X005880.KS.Equity","PXT.CT.Equity","RNW.CT.Equity"
"74","X8303.JT.Equity","EPP.SJ.Equity","ACB.CT.Equity","X4188.JT.Equity",,"AMAT.UW.Equity","X600115.CH.Equity","ALMARAI.AB.Equity","X005960.KS.Equity","REP.SM.Equity","RSTI.RX.Equity"
"75","X8304.JT.Equity","EQIX.UW.Equity","AIP.SJ.Equity","X4208.JT.Equity",,"AMD.UW.Equity","X600655.CH.Equity","AMRT.IJ.Equity","X006060.KS.Equity","RIL.IS.Equity","RWE.GY.Equity"
"76","X8306.JT.Equity","EQR.UN.Equity","ALGN.UW.Equity","X4631.JT.Equity",,"AMS.SM.Equity","X600690.CH.Equity","ANH.SJ.Equity","X1.HK.Equity","ROSN.RX.Equity","SECO.AB.Equity"
"77","X8308.JT.Equity","EQU.SJ.Equity","ALHAMMAD.AB.Equity","X5301.JT.Equity",,"ANSS.UW.Equity","X600741.CH.Equity","AOTHAIM.AB.Equity","X1721.JT.Equity","SARCO.AB.Equity","SGM.AT.Equity"
"78","X8309.JT.Equity","ESS.UN.Equity","ALM.SM.Equity","X5401.JT.Equity",,"APH.UN.Equity","X601021.CH.Equity","ARL.SJ.Equity","X1801.JT.Equity","SES.CT.Equity","SLR.SM.Equity"
"79","X8316.JT.Equity","EXR.UN.Equity","AMGN.UW.Equity","X5406.JT.Equity",,"APX.AT.Equity","X601111.CH.Equity","ASACO.AB.Equity","X1802.JT.Equity","SGRE.SM.Equity","SPB.CT.Equity"
"80","X8331.JT.Equity","FCR.U.CT.Equity","AMP.IM.Equity","X5411.JT.Equity",,"AUTO.LN.Equity","X601238.CH.Equity","AVI.SJ.Equity","X1803.JT.Equity","SHEL.LN.Equity","SSE.LN.Equity"
"81","X8354.JT.Equity","FFA.SJ.Equity","ANN.AT.Equity","X5541.JT.Equity",,"AVGO.UW.Equity","X601633.CH.Equity","BATS.LN.Equity","X1808.JT.Equity","SNGS.RX.Equity","SVT.LN.Equity"
"82","X8355.JT.Equity","FFB.SJ.Equity","ANTM.UN.Equity","X5703.JT.Equity",,"AVST.LN.Equity","X601799.CH.Equity","BEEF.IJ.Equity","X1812.JT.Equity","SNGSP.RX.Equity","TA.CT.Equity"
"83","X8411.JT.Equity","FRT.UN.Equity","APN.SJ.Equity","X5706.JT.Equity",,"AVV.LN.Equity","X601888.CH.Equity","BEI.GY.Equity","X1963.JT.Equity","SOL.AT.Equity","TRAN.AR.Equity"
"84","X8601.JT.Equity","FSV.CT.Equity","ARGX.BB.Equity","X5707.JT.Equity",,"BB.CT.Equity","X6473.JT.Equity","BF.B.UN.Equity","X267.HK.Equity","SPM.IM.Equity","TRN.IM.Equity"
"85","X8604.JT.Equity","FTB.SJ.Equity","AZN.LN.Equity","X5713.JT.Equity",,"CAP.FP.Equity","X669.HK.Equity","BID.SJ.Equity","X2768.JT.Equity","SRG.IM.Equity","UU..LN.Equity"
"86","X8628.JT.Equity","GFC.FP.Equity","BAX.UN.Equity","X5714.JT.Equity",,"CDAY.UN.Equity","X6752.JT.Equity","BIMAS.TI.Equity","X300124.CH.Equity","STO.AT.Equity","VIE.FP.Equity"
"87","X8630.JT.Equity","GMG.AT.Equity","BAYN.GY.Equity","X600010.CH.Equity",,"CDNS.UW.Equity","X6758.JT.Equity","BIMBOA.MF.Equity","X300433.CH.Equity","SU.CT.Equity","WCN.CT.Equity"
"88","X8697.JT.Equity","GRT.SJ.Equity","BDX.UN.Equity","X600019.CH.Equity",,"CDW.UW.Equity","X6862.HK.Equity","BISI.IJ.Equity","X300450.CH.Equity","TATN.RX.Equity","ZOREN.TI.Equity"
"89","X8725.JT.Equity","GRT.U.CT.Equity","BHC.CT.Equity","X600111.CH.Equity",,"CLS.CT.Equity","X6902.JT.Equity","BN.FP.Equity","X5201.JT.Equity","TATNP.RX.Equity",
"90","X8750.JT.Equity","HMN.SJ.Equity","BIIB.UW.Equity","X600176.CH.Equity",,"CRM.UN.Equity","X6952.JT.Equity","BRIT.IS.Equity","X5202.JT.Equity","TEN.IM.Equity",
"91","X8766.JT.Equity","HR.U.CT.Equity","BIM.FP.Equity","X600309.CH.Equity",,"CSU.CT.Equity","X7201.JT.Equity","BTI.SJ.Equity","X5214.JT.Equity","TGNO4.AR.Equity",
"92","X8795.JT.Equity","HYP.SJ.Equity","BIO.UN.Equity","X600346.CH.Equity",,"CTSH.UW.Equity","X7203.JT.Equity","BUDI.IJ.Equity","X5232.JT.Equity","TGSU2.AR.Equity",
"93","X939.HK.Equity","IAP.SJ.Equity","BMY.UN.Equity","X600352.CH.Equity",,"CTXS.UW.Equity","X7211.JT.Equity","BWPT.IJ.Equity","X5233.JT.Equity","TOU.CT.Equity",
"94","AADC.AB.Equity","IIP.U.CT.Equity","BSX.UN.Equity","X600362.CH.Equity",,"DHG.AT.Equity","X7261.JT.Equity","CA.FP.Equity","X5332.JT.Equity","TRNFP.RX.Equity",
"95","ABDICO.AB.Equity","IPF.SJ.Equity","CAH.UN.Equity","X600426.CH.Equity",,"DSG.CT.Equity","X7267.JT.Equity","CAG.UN.Equity","X5333.JT.Equity","TRP.CT.Equity",
"96","ABDN.LN.Equity","IRM.UN.Equity","CARE.AB.Equity","X600489.CH.Equity",,"DSY.FP.Equity","X7269.JT.Equity","CAMP.IJ.Equity","X5631.JT.Equity","TTE.FP.Equity",
"97","ABG.SJ.Equity","ISGYO.TI.Equity","CERN.UW.Equity","X600547.CH.Equity",,"DTC.SJ.Equity","X7270.JT.Equity","CCH.LN.Equity","X5711.JT.Equity","TUPRS.TI.Equity",
"98","ACA.FP.Equity","JADWA.AB.Equity","CHEMICAL.AB.Equity","X601216.CH.Equity",,"DXC.UN.Equity","X7272.JT.Equity","CCOLA.TI.Equity","X5801.JT.Equity","TVE.CT.Equity",
"99","ACE.AB.Equity","JADWAREI.AB.Equity","CI.UN.Equity","X601600.CH.Equity",,"ENGH.CT.Equity","X7731.JT.Equity","CEKA.IJ.Equity","X5803.JT.Equity","VEA.AT.Equity",
"100","ACIG.AB.Equity","JOMAR.AB.Equity","CIPLA.IS.Equity","X601865.CH.Equity",,"EPAM.UN.Equity","X7762.JT.Equity","CHD.UN.Equity","X600009.CH.Equity","VET.CT.Equity",
"101","ADM.LN.Equity","KEC.AB.Equity","CNC.UN.Equity","X6471.JT.Equity",,"FB.UW.Equity","X7832.JT.Equity","CL.UN.Equity","X600018.CH.Equity","WCP.CT.Equity",
"102","ADMF.IJ.Equity","KINGDOM.AB.Equity","COO.UN.Equity","X6472.JT.Equity",,"FFIV.UW.Equity","X7951.JT.Equity","CLEO.IJ.Equity","X600031.CH.Equity","WHC.AT.Equity",
"103","AFH.SJ.Equity","KMP.U.CT.Equity","CRL.UN.Equity","X6988.JT.Equity",,"FTNT.UW.Equity","X7974.JT.Equity","CLS.SJ.Equity","X600143.CH.Equity","WPL.AT.Equity",
"104","AFKS.RX.Equity","L2D.SJ.Equity","CRON.CT.Equity","AAL.LN.Equity",,"GIB.A.CT.Equity","X8233.JT.Equity","CLX.UN.Equity","X600406.CH.Equity","YPFD.AR.Equity",
"105","AFL.UN.Equity","LAND.LN.Equity","CSL.AT.Equity","ABX.CT.Equity",,"GLW.UN.Equity","X8252.JT.Equity","COL.AT.Equity","X600585.CH.Equity",,
"106","AGRO.IJ.Equity","LIC.AT.Equity","CTLT.UN.Equity","ACL.SJ.Equity",,"GOOG.UW.Equity","X9008.JT.Equity","CPB.UN.Equity","X600660.CH.Equity",,
"107","AGS.BB.Equity","LSRG.RX.Equity","CUV.AT.Equity","ACX.SM.Equity",,"GOOGL.UW.Equity","X9202.JT.Equity","CPIN.IJ.Equity","X600760.CH.Equity",,
"108","AICC.AB.Equity","LTE.SJ.Equity","DALLAH.AB.Equity","ADMG.IJ.Equity",,"HCLT.IS.Equity","X9602.JT.Equity","CPR.IM.Equity","X600872.CH.Equity",,
"109","AIG.UN.Equity","MAATHER.AB.Equity","DEVA.TI.Equity","AEM.CT.Equity",,"HPE.UN.Equity","X9766.JT.Equity","CUERVO..MF.Equity","X600893.CH.Equity",,
"110","AIL.SJ.Equity","MEFIC.AB.Equity","DGX.UN.Equity","AFE.SJ.Equity",,"HPQ.UN.Equity","X9983.JT.Equity","CVS.UN.Equity","X601006.CH.Equity",,
"111","AIZ.UN.Equity","MLI.SJ.Equity","DHR.UN.Equity","AGI.CT.Equity",,"IBM.UN.Equity","AAL.UW.Equity","DCP.SJ.Equity","X601100.CH.Equity",,
"112","AJG.UN.Equity","MRL.SM.Equity","DIA.IM.Equity","AGII.IJ.Equity",,"IDR.SM.Equity","AAP.UN.Equity","DGE.LN.Equity","X601186.CH.Equity",,
"113","AKBNK.TI.Equity","MSP.SJ.Equity","DIVI.IS.Equity","AGL.SJ.Equity",,"IFX.GY.Equity","AATD.AB.Equity","DGH.SJ.Equity","X601360.CH.Equity",,
"114","ALALAMIY.AB.Equity","MULKIA.AB.Equity","DPH.LN.Equity","AI.FP.Equity",,"INDES.TI.Equity","AC.CT.Equity","DSFI.IJ.Equity","X601390.CH.Equity",,
"115","ALBI.AB.Equity","MUSHREIT.AB.Equity","DRRD.IS.Equity","AKE.FP.Equity",,"INFO.IS.Equity","AC.FP.Equity","EMP.A.CT.Equity","X601618.CH.Equity",,
"116","ALETIHAD.AB.Equity","NRP.SJ.Equity","DVA.UN.Equity","AKSA.TI.Equity",,"INTC.UW.Equity","ACES.IJ.Equity","FEMSAUBD.MF.Equity","X601668.CH.Equity",,
"117","ALINMA.AB.Equity","NWH.U.CT.Equity","DXCM.UW.Equity","ALB.UN.Equity",,"INTU.UW.Equity","ADH.SJ.Equity","FPCO.AB.Equity","X601669.CH.Equity",,
"118","ALINMATO.AB.Equity","PIKK.RX.Equity","ECILC.TI.Equity","ALCO.AB.Equity",,"IPGP.UW.Equity","ADS.GY.Equity","GACO.AB.Equity","X601766.CH.Equity",,
"119","ALL.UN.Equity","RDF.SJ.Equity","EL.FP.Equity","ALKIM.TI.Equity",,"KXS.CT.Equity","AFLT.RX.Equity","GIS.UN.Equity","X601800.CH.Equity",,
"120","ALLIANZ.AB.Equity","REA.AT.Equity","ERF.FP.Equity","ALRS.RX.Equity",,"LOGO.TI.Equity","AHFCO.AB.Equity","GIZACO.AB.Equity","X601877.CH.Equity",,
"121","ALV.GY.Equity","REDSEA.AB.Equity","EW.UN.Equity","ALUA.AR.Equity",,"LSPD.CT.Equity","ALABDUL.AB.Equity","GNC.AT.Equity","X6098.JT.Equity",,
"122","AMP.UN.Equity","REI.U.CT.Equity","FME.GY.Equity","AMS.SJ.Equity",,"MESC.AB.Equity","ALHOKAIR.AB.Equity","GRUMAB.MF.Equity","X6103.JT.Equity",,
"123","ANZ.AT.Equity","RES.SJ.Equity","FPH.AT.Equity","ANG.SJ.Equity",,"MSFT.UW.Equity","ALK.UN.Equity","HB.AB.Equity","X6113.JT.Equity",,
"124","AON.UN.Equity","RMV.LN.Equity","FRE.GY.Equity","ANTM.IJ.Equity",,"NPN.SJ.Equity","ALKHLEEJ.AB.Equity","HFG.GY.Equity","X6301.JT.Equity",,
"125","ARCCI.AB.Equity","RYDREIT.AB.Equity","GILD.UW.Equity","ANTO.LN.Equity",,"OTEX.CT.Equity","ALL.AT.Equity","HRL.UN.Equity","X6302.JT.Equity",,
"126","ARNB.AB.Equity","SAC.SJ.Equity","GRF.SM.Equity","APCO.AB.Equity",,"PME.AT.Equity","ALSEA..MF.Equity","HSY.UN.Equity","X6305.JT.Equity",,
"127","ASTRA.AB.Equity","SCG.AT.Equity","GSK.LN.Equity","APD.UN.Equity",,"SAP.GY.Equity","AMZN.UW.Equity","HUVR.IS.Equity","X6326.JT.Equity",,
"128","ASX.AT.Equity","SEDCO.AB.Equity","HCA.UN.Equity","APPC.AB.Equity",,"SGE.LN.Equity","APE.AT.Equity","IMB.LN.Equity","X6361.JT.Equity",,
"129","AUB.AT.Equity","SGP.AT.Equity","HIK.LN.Equity","ARI.SJ.Equity",,"SHOP.CT.Equity","APTV.UN.Equity","ING.AT.Equity","X6367.JT.Equity",,
"130","AV..LN.Equity","SGRO.LN.Equity","HLS.AT.Equity","ASLAK.AB.Equity",,"STM.FP.Equity","ARB.AT.Equity","ITC.IS.Equity","X6479.JT.Equity",,
"131","AXA.AB.Equity","SICOSAUD.AB.Equity","HOLX.UW.Equity","AVY.UN.Equity",,"STM.IM.Equity","ARCLK.TI.Equity","JADCO.AB.Equity","X6501.JT.Equity",,
"132","AXSB.IS.Equity","SMU.U.CT.Equity","HSIC.UW.Equity","AWC.AT.Equity",,"TCS.IS.Equity","ASII.IJ.Equity","JMT.PL.Equity","X6503.JT.Equity",,
"133","AZM.IM.Equity","SRE.SJ.Equity","HUM.UN.Equity","BAS.GY.Equity",,"TECHM.IS.Equity","ASSA.IJ.Equity","JWEL.CT.Equity","X6504.JT.Equity",,
"134","BAC.UN.Equity","SRECO.AB.Equity","IDXX.UW.Equity","BCI.AB.Equity",,"TNE.AT.Equity","ATD.CT.Equity","KERVT.TI.Equity","X6506.JT.Equity",,
"135","BAF.IS.Equity","SRU.U.CT.Equity","ILMN.UW.Equity","BHP.AT.Equity",,"WPRO.IS.Equity","ATVI.UW.Equity","KIMBERA.MF.Equity","X66.HK.Equity",,
"136","BAM.A.CT.Equity","SSS.SJ.Equity","INCY.UW.Equity","BNR.GY.Equity",,"XRO.AT.Equity","ATZ.CT.Equity","KO.UN.Equity","X6674.JT.Equity",,
"137","BAMI.IM.Equity","SWICORP.AB.Equity","IQV.UN.Equity","BRYAT.TI.Equity",,"YNDX.RX.Equity","AUTO.IJ.Equity","KOFUBL.MF.Equity","X6841.JT.Equity",,
"138","BARC.LN.Equity","TAIBA.AB.Equity","JNJ.UN.Equity","BSL.AT.Equity",,,"AZO.UN.Equity","KYGA.ID.Equity","X6861.JT.Equity",,
"139","BAT.SJ.Equity","TALEEM.AB.Equity","LABB.MF.Equity","BTO.CT.Equity",,,"BBWI.UN.Equity","L.CT.Equity","X6954.JT.Equity",,
"140","BBAJIOO.MF.Equity","TCN.CT.Equity","LHC.SJ.Equity","CAS.CT.Equity",,,"BBY.UN.Equity","LBR.SJ.Equity","X7003.JT.Equity",,
"141","BBAR.AR.Equity","TRGYO.TI.Equity","MEH.AB.Equity","CE.UN.Equity",,,"BDEV.LN.Equity","MFI.CT.Equity","X7004.JT.Equity",,
"142","BBCA.IJ.Equity","URW.AT.Equity","MEI.SJ.Equity","CEMAS.TI.Equity",,,"BIRD.IJ.Equity","MGNT.RX.Equity","X7011.JT.Equity",,
"143","BBKP.IJ.Equity","VCX.AT.Equity","MOUWASAT.AB.Equity","CF.UN.Equity",,,"BJAUT.IS.Equity","MGROS.TI.Equity","X7012.JT.Equity",,
"144","BBNI.IJ.Equity","VESTA..MF.Equity","MRK.GY.Equity","CFP.CT.Equity",,,"BKG.LN.Equity","MRU.CT.Equity","X7013.JT.Equity",,
"145","BBRI.IJ.Equity","VKE.SJ.Equity","MRK.UN.Equity","CG.CT.Equity",,,"BKNG.UW.Equity","NEST.IS.Equity","X7202.JT.Equity",,
"146","BBTN.IJ.Equity","WPR.AT.Equity","NTC.SJ.Equity","CHEMANOL.AB.Equity",,,"BME.LN.Equity","OCDO.LN.Equity","X7205.JT.Equity",,
"147","BBU.U.CT.Equity",,"PHM.SM.Equity","CHMF.RX.Equity",,,"BMTR.IJ.Equity","OCE.SJ.Equity","X7911.JT.Equity",,
"148","BBVA.SM.Equity",,"QIA.GY.Equity","CIA.AT.Equity",,,"BMW.GY.Equity","PBH.CT.Equity","X7912.JT.Equity",,
"149","BCAP.IJ.Equity",,"REC.IM.Equity","CLPI.IJ.Equity",,,"BRBY.LN.Equity","PG.UN.Equity","X8001.JT.Equity",,
"150","BDMN.IJ.Equity",,"RICH.AR.Equity","CRDA.LN.Equity",,,"BRG.AT.Equity","PIK.SJ.Equity","X8002.JT.Equity",,
"151","BEN.UN.Equity",,"RMD.AT.Equity","CS.CT.Equity",,,"BRISA.TI.Equity","PRMW.CT.Equity","X8015.JT.Equity",,
"152","BFIN.IJ.Equity",,"ROVI.SM.Equity","DKFT.IJ.Equity",,,"BUDGET.AB.Equity","RCO.FP.Equity","X8031.JT.Equity",,
"153","BGN.IM.Equity",,"RTALB.TI.Equity","DML.CT.Equity",,,"BWA.UN.Equity","RFG.SJ.Equity","X8053.JT.Equity",,
"154","BJAZ.AB.Equity",,"SAN.FP.Equity","DOW.UN.Equity",,,"BYD.CT.Equity","RI.FP.Equity","X8058.JT.Equity",,
"155","BJBR.IJ.Equity",,"SELEC.TI.Equity","DPM.CT.Equity",,,"CAR.AT.Equity","RKT.LN.Equity","X8253.JT.Equity",,
"156","BJFIN.IS.Equity",,"SHL.AT.Equity","DRD.SJ.Equity",,,"CARS.IJ.Equity","SADAFCO.AB.Equity","X868.HK.Equity",,
"157","BJTM.IJ.Equity",,"SHL.GY.Equity","ECL.UN.Equity",,,"CCL.UN.Equity","SAP.CT.Equity","X9001.JT.Equity",,
"158","BK.UN.Equity",,"SIA.CT.Equity","EDR.CT.Equity",,,"CFR.SJ.Equity","SAVOLA.AB.Equity","X9005.JT.Equity",,
"159","BKT.SM.Equity",,"SN..LN.Equity","EFR.CT.Equity",,,"CIE.SM.Equity","SBRY.LN.Equity","X9007.JT.Equity",,
"160","BLK.UN.Equity",,"SPIMACO.AB.Equity","EKAD.IJ.Equity",,,"CJR.B.CT.Equity","SFICO.AB.Equity","X9009.JT.Equity",,
"161","BMA.AR.Equity",,"SRT3.GY.Equity","ELD.CT.Equity",,,"CKF.AT.Equity","SHP.SJ.Equity","X9020.JT.Equity",,
"162","BMED.IM.Equity",,"SUNP.IS.Equity","EMN.UN.Equity",,,"CLH.SJ.Equity","SMARKETI.AB.Equity","X9021.JT.Equity",,
"163","BMO.CT.Equity",,"UCB.BB.Equity","ERBOS.TI.Equity",,,"CMG.UN.Equity","SOKM.TI.Equity","X9022.JT.Equity",,
"164","BMRI.IJ.Equity",,"UNH.UN.Equity","EREGL.TI.Equity",,,"COH.SJ.Equity","SPM.AB.Equity","X9064.JT.Equity",,
"165","BNGA.IJ.Equity",,"WEED.CT.Equity","ERO.CT.Equity",,,"CON.GY.Equity","SPP.SJ.Equity","X9101.JT.Equity",,
"166","BNII.IJ.Equity",,,"EVN.AT.Equity",,,"COST.UW.Equity","TAACO.AB.Equity","X9104.JT.Equity",,
"167","BNP.FP.Equity",,,"EVR.LN.Equity",,,"CPG.LN.Equity","TATACONS.IS.Equity","X9107.JT.Equity",,
"168","BNS.CT.Equity",,,"FAST.UW.Equity",,,"CPRT.UW.Equity","TBS.SJ.Equity","X9147.JT.Equity",,
"169","BOLSAA.MF.Equity",,,"FCX.UN.Equity",,,"CSB.SJ.Equity","TSCO.LN.Equity","X9301.JT.Equity",,
"170","BPE.IM.Equity",,,"FM.CT.Equity",,,"CTC.A.CT.Equity","TWE.AT.Equity","X9735.JT.Equity",,
"171","BR.UN.Equity",,,"FMC.UN.Equity",,,"CTD.AT.Equity","ULKER.TI.Equity","ABBA.IJ.Equity",,
"172","BRIS.IJ.Equity",,,"FMG.AT.Equity",,,"CZR.UW.Equity","ULVR.LN.Equity","ABC.AT.Equity",,
"173","BRK.B.UN.Equity",,,"FNV.CT.Equity",,,"DAL.UN.Equity","WBA.UW.Equity","ACN.UN.Equity",,
"174","BRO.UN.Equity",,,"FR.CT.Equity",,,"DG.UN.Equity","WN.CT.Equity","ACS.SM.Equity",,
"175","BSFR.AB.Equity",,,"FRES.LN.Equity",,,"DHER.GY.Equity","WOW.AT.Equity","ACST.IJ.Equity",,
"176","BTPN.IJ.Equity",,,"FVI.CT.Equity",,,"DHI.UN.Equity",,"ADHI.IJ.Equity",,
"177","BTPS.IJ.Equity",,,"GFI.SJ.Equity",,,"DIS.UN.Equity",,"ADP.FP.Equity",,
"178","BUPA.AB.Equity",,,"GLEN.LN.Equity",,,"DISCA.UW.Equity",,"ADP.UW.Equity",,
"179","BURUJ.AB.Equity",,,"GLN.SJ.Equity",,,"DISCK.UW.Equity",,"ADSEZ.IS.Equity",,
"180","BYMA.AR.Equity",,,"GMEXICOB.MF.Equity",,,"DLTR.UW.Equity",,"AFT.SJ.Equity",,
"181","C.UN.Equity",,,"GMKN.RX.Equity",,,"DMP.AT.Equity",,"AGHOL.TI.Equity",,
"182","CABK.SM.Equity",,,"GOR.AT.Equity",,,"DOAS.TI.Equity",,"AHT.LN.Equity",,
"183","CB.UN.Equity",,,"GUBRF.TI.Equity",,,"DOL.CT.Equity",,"AIR.FP.Equity",,
"184","CBA.AT.Equity",,,"H.CT.Equity",,,"DOO.CT.Equity",,"AIR.GY.Equity",,
"185","CBOE.UF.Equity",,,"HAR.SJ.Equity",,,"DPZ.UN.Equity",,"ALARK.TI.Equity",,
"186","CF.CT.Equity",,,"HBM.CT.Equity",,,"DRI.UN.Equity",,"ALBABTAI.AB.Equity",,
"187","CFG.UN.Equity",,,"HEKTS.TI.Equity",,,"DUR.AB.Equity",,"ALFAA.MF.Equity",,
"188","CFIN.IJ.Equity",,,"HNDL.IS.Equity",,,"DWF.AB.Equity",,"ALLE.UN.Equity",,
"189","CGF.AT.Equity",,,"IFF.UN.Equity",,,"EA.UW.Equity",,"ALO.FP.Equity",,
"190","CINF.UW.Equity",,,"IFP.CT.Equity",,,"EBAY.UW.Equity",,"ALOMRAN.AB.Equity",,
"191","CIX.CT.Equity",,,"IGO.AT.Equity",,,"EGEEN.TI.Equity",,"ALQ.AT.Equity",,
"192","CM.CT.Equity",,,"ILU.AT.Equity",,,"EIF.CT.Equity",,"AMC.AT.Equity",,
"193","CMA.UN.Equity",,,"IMG.CT.Equity",,,"EIM.IS.Equity",,"AME.UN.Equity",,
"194","CME.UW.Equity",,,"IMP.SJ.Equity",,,"EL.UN.Equity",,"AOS.UN.Equity",,
"195","CML.SJ.Equity",,,"IP.UN.Equity",,,"ENT.LN.Equity",,"APNT.IS.Equity",,
"196","COME.AR.Equity",,,"IPL.AT.Equity",,,"ERAA.IJ.Equity",,"ARCCO.AB.Equity",,
"197","CPI.SJ.Equity",,,"ISDMR.TI.Equity",,,"ETSY.UW.Equity",,"ARE.CT.Equity",,
"198","CPU.AT.Equity",,,"IVN.CT.Equity",,,"EVT.AT.Equity",,"ASELS.TI.Equity",,
"199","CS.FP.Equity",,,"IZMDC.TI.Equity",,,"EXPE.UW.Equity",,"ASURB.MF.Equity",,
"200","CWB.CT.Equity",,,"JSTL.IS.Equity",,,"EXTRA.AB.Equity",,"ATA.CT.Equity",,
"201","DB1.GY.Equity",,,"K.CT.Equity",,,"F.UN.Equity",,"ATL.IM.Equity",,
"202","DBK.GY.Equity",,,"KAYAN.AB.Equity",,,"FBR.SJ.Equity",,"ATTMCO.AB.Equity",,
"203","DFS.UN.Equity",,,"KIO.SJ.Equity",,,"FLTR.ID.Equity",,"AXP.UN.Equity",,
"204","DSY.SJ.Equity",,,"KORDS.TI.Equity",,,"FLTR.LN.Equity",,"AZJ.AT.Equity",,
"205","ECN.CT.Equity",,,"KOZAL.TI.Equity",,,"FOX.UW.Equity",,"BA.UN.Equity",,
"206","ELEKTRA..MF.Equity",,,"KRDMD.TI.Equity",,,"FOXA.UW.Equity",,"BA..LN.Equity",,
"207","ENX.FP.Equity",,,"LAC.CT.Equity",,,"FROTO.TI.Equity",,"BATIC.AB.Equity",,
"208","EQB.CT.Equity",,,"LIF.CT.Equity",,,"GIL.CT.Equity",,"BAW.SJ.Equity",,
"209","EXO.IM.Equity",,,"LIN.GY.Equity",,,"GM.UN.Equity",,"BAWAN.AB.Equity",,
"210","FBK.IM.Equity",,,"LUN.CT.Equity",,,"GOOS.CT.Equity",,"BBD.B.CT.Equity",,
"211","FDS.UN.Equity",,,"LYC.AT.Equity",,,"GPC.UN.Equity",,"BDGI.CT.Equity",,
"212","FFH.CT.Equity",,,"MAADEN.AB.Equity",,,"GRMN.UN.Equity",,"BERA.TI.Equity",,
"213","FITB.UW.Equity",,,"MAG.CT.Equity",,,"GSY.CT.Equity",,"BKW.AT.Equity",,
"214","FRC.UN.Equity",,,"MAGN.RX.Equity",,,"GUD.AT.Equity",,"BLD.AT.Equity",,
"215","FSR.SJ.Equity",,,"MEPC.AB.Equity",,,"HAS.UW.Equity",,"BLL.UN.Equity",,
"216","G.IM.Equity",,,"MIN.AT.Equity",,,"HD.UN.Equity",,"BNZL.LN.Equity",,
"217","GARAN.TI.Equity",,,"MTLR.RX.Equity",,,"HEN3.GY.Equity",,"BRPT.IJ.Equity",,
"218","GBLB.BB.Equity",,,"MTLRP.RX.Equity",,,"HERFY.AB.Equity",,"BULL.IJ.Equity",,
"219","GFINBURO.MF.Equity",,,"MTS.SM.Equity",,,"HLT.UN.Equity",,"BVI.FP.Equity",,
"220","GFNORTEO.MF.Equity",,,"MX.CT.Equity",,,"HMCL.IS.Equity",,"BVT.SJ.Equity",,
"221","GGAL.AR.Equity",,,"NG.CT.Equity",,,"HVN.AT.Equity",,"BXB.AT.Equity",,
"222","GGCI.AB.Equity",,,"NGD.CT.Equity",,,"IAG.LN.Equity",,"BZU.IM.Equity",,
"223","GL.UN.Equity",,,"NIC.AB.Equity",,,"IAG.SM.Equity",,"CAE.CT.Equity",,
"224","GLE.FP.Equity",,,"NLMK.RX.Equity",,,"IHG.LN.Equity",,"CAT.UN.Equity",,
"225","GLYHO.TI.Equity",,,"NMMCC.AB.Equity",,,"INF.LN.Equity",,"CATERING.AB.Equity",,
"226","GOZDE.TI.Equity",,,"NPH.SJ.Equity",,,"IPG.UN.Equity",,"CCL.B.CT.Equity",,
"227","GS.UN.Equity",,,"NTR.CT.Equity",,,"ITE.SJ.Equity",,"CEMEXCPO.MF.Equity",,
"228","GULFUNI.AB.Equity",,,"NUF.AT.Equity",,,"ITV.LN.Equity",,"CHRW.UW.Equity",,
"229","GWO.CT.Equity",,,"NXE.CT.Equity",,,"ITX.SM.Equity",,"CIM.AT.Equity",,
"230","HALKB.TI.Equity",,,"OGC.CT.Equity",,,"JARIR.AB.Equity",,"CIMSA.TI.Equity",,
"231","HBAN.UW.Equity",,,"OMN.SJ.Equity",,,"JBH.AT.Equity",,"CITYC.AB.Equity",,
"232","HCG.CT.Equity",,,"OR.CT.Equity",,,"JD..LN.Equity",,"CJT.CT.Equity",,
"233","HCI.SJ.Equity",,,"OSK.CT.Equity",,,"KARSN.TI.Equity",,"CMI.UN.Equity",,
"234","HDFC.IS.Equity",,,"OZL.AT.Equity",,,"KER.FP.Equity",,"CNHI.IM.Equity",,
"235","HDFCB.IS.Equity",,,"PAAS.CT.Equity",,,"KGF.LN.Equity",,"CNR.CT.Equity",,
"236","HDFCLIFE.IS.Equity",,,"PAN.SJ.Equity",,,"KOZAA.TI.Equity",,"COF.UN.Equity",,
"237","HIG.UN.Equity",,,"PE.OLES..MF.Equity",,,"L4L.SJ.Equity",,"CP.CT.Equity",,
"238","HL..LN.Equity",,,"PETKM.TI.Equity",,,"LAZURDE.AB.Equity",,"CRH.ID.Equity",,
"239","HSBA.LN.Equity",,,"PETROCH.AB.Equity",,,"LEEJAM.AB.Equity",,"CRH.LN.Equity",,
"240","HUB.AT.Equity",,,"PHOR.RX.Equity",,,"LIVEPOLC.MF.Equity",,"CSR.AT.Equity",,
"241","IAG.AT.Equity",,,"PLZL.RX.Equity",,,"LNR.CT.Equity",,"CSX.UW.Equity",,
"242","IAG.CT.Equity",,,"POLY.LN.Equity",,,"MAVI.TI.Equity",,"CTAS.UW.Equity",,
"243","ICE.UN.Equity",,,"POLY.RX.Equity",,,"MBG.GY.Equity",,"DCC.LN.Equity",,
"244","ICICIBC.IS.Equity",,,"PVG.CT.Equity",,,"MC.FP.Equity",,"DD.UN.Equity",,
"245","ICP.LN.Equity",,,"RBP.SJ.Equity",,,"MCD.UN.Equity",,"DE.UN.Equity",,
"246","IFC.CT.Equity",,,"RIO.AT.Equity",,,"MEL.SM.Equity",,"DG.FP.Equity",,
"247","IFL.AT.Equity",,,"RIO.LN.Equity",,,"MG.CT.Equity",,"DOHOL.TI.Equity",,
"248","IGM.CT.Equity",,,"RRL.AT.Equity",,,"MIRG.AR.Equity",,"DOV.UN.Equity",,
"249","IIB.IS.Equity",,,"RUS.CT.Equity",,,"ML.FP.Equity",,"DOW.AT.Equity",,
"250","III.LN.Equity",,,"S32.AT.Equity",,,"MM.IS.Equity",,"DPW.GY.Equity",,
"251","INL.SJ.Equity",,,"SABIC.AB.Equity",,,"MONC.IM.Equity",,"DSNG.IJ.Equity",,
"252","INP.SJ.Equity",,,"SAFCO.AB.Equity",,,"MRE.CT.Equity",,"EACCO.AB.Equity",,
"253","IRE.AT.Equity",,,"SAP.SJ.Equity",,,"MRP.SJ.Equity",,"ECM.LN.Equity",,
"254","ISCTR.TI.Equity",,,"SARKY.TI.Equity",,,"MSIL.IS.Equity",,"EDEN.FP.Equity",,
"255","ISFIN.TI.Equity",,,"SASA.TI.Equity",,,"MSM.SJ.Equity",,"EFN.CT.Equity",,
"256","ISMEN.TI.Equity",,,"SEA.CT.Equity",,,"MTA.SJ.Equity",,"EFX.UN.Equity",,
"257","ISP.IM.Equity",,,"SFR.AT.Equity",,,"MTH.SJ.Equity",,"EIC.AB.Equity",,
"258","JAZTAKAF.AB.Equity",,,"SIIG.AB.Equity",,,"MTY.CT.Equity",,"EMR.UN.Equity",,
"259","JHG.AT.Equity",,,"SIPCHEM.AB.Equity",,,"MVID.RX.Equity",,"EN.FP.Equity",,
"260","JPM.UN.Equity",,,"SJ.CT.Equity",,,"NCLE.AB.Equity",,"ENKAI.TI.Equity",,
"261","JSE.SJ.Equity",,,"SLR.AT.Equity",,,"NEC.AT.Equity",,"ETN.UN.Equity",,
"262","KBC.BB.Equity",,,"SOL.SJ.Equity",,,"NKE.UN.Equity",,"EXPD.UW.Equity",,
"263","KMB.IS.Equity",,,"SOLB.BB.Equity",,,"NTHOL.TI.Equity",,"EXPN.LN.Equity",,
"264","KST.SJ.Equity",,,"SSL.CT.Equity",,,"NWC.CT.Equity",,"FBHS.UN.Equity",,
"265","LB.CT.Equity",,,"SSP.AB.Equity",,,"NWS.AT.Equity",,"FBU.AT.Equity",,
"266","LBH.SJ.Equity",,,"SSRM.CT.Equity",,,"NXT.LN.Equity",,"FDR.SM.Equity",,
"267","LGEN.LN.Equity",,,"SSW.SJ.Equity",,,"PAH3.GY.Equity",,"FDX.UN.Equity",,
"268","LLOY.LN.Equity",,,"STLC.CT.Equity",,,"PARSN.TI.Equity",,"FER.SM.Equity",,
"269","LSEG.LN.Equity",,,"SVM.CT.Equity",,,"PGSUS.TI.Equity",,"FERG.LN.Equity",,
"270","MALATH.AB.Equity",,,"SY1.GY.Equity",,,"PIRC.IM.Equity",,"FGR.FP.Equity",,
"271","MAP.SM.Equity",,,"TATA.IS.Equity",,,"PLC.CT.Equity",,"FIPCO.AB.Equity",,
"272","MB.IM.Equity",,,"TECK.B.CT.Equity",,,"PPH.SJ.Equity",,"FIS.UN.Equity",,
"273","MEDGULF.AB.Equity",,,"THA.SJ.Equity",,,"PSN.LN.Equity",,"FISV.UW.Equity",,
"274","MFC.CT.Equity",,,"TRMK.RX.Equity",,,"PSON.LN.Equity",,"FLT.UN.Equity",,
"275","MOEX.RX.Equity",,,"TRQ.CT.Equity",,,"PUB.FP.Equity",,"FTT.CT.Equity",,
"276","MPL.AT.Equity",,,"TXAR.AR.Equity",,,"PUM.GY.Equity",,"FTV.UN.Equity",,
"277","MTM.SJ.Equity",,,"TXG.CT.Equity",,,"QAN.AT.Equity",,"GAPB.MF.Equity",,
"278","MUV2.GY.Equity",,,"UMI.BB.Equity",,,"QSR.CT.Equity",,"GCARSOA1.MF.Equity",,
"279","NED.SJ.Equity",,,"UPLL.IS.Equity",,,"RACE.IM.Equity",,"GCC..MF.Equity",,
"280","NHF.AT.Equity",,,"WDO.CT.Equity",,,"RBA.CT.Equity",,"GD.UN.Equity",,
"281","NWG.LN.Equity",,,"WPM.CT.Equity",,,"REL.LN.Equity",,"GE.UN.Equity",,
"282","NWL.AT.Equity",,,"YAMAMAH.AB.Equity",,,"RESEARCH.AB.Equity",,"GND.SJ.Equity",,
"283","OMU.SJ.Equity",,,"YANSAB.AB.Equity",,,"RNO.FP.Equity",,"GNRC.UN.Equity",,
"284","ONEX.CT.Equity",,,"YRI.CT.Equity",,,"RYA.ID.Equity",,"GPN.UN.Equity",,
"285","PDL.AT.Equity",,,,,,"SACO.AB.Equity",,"GRASIM.IS.Equity",,
"286","PHNX.LN.Equity",,,,,,"SAPTCO.AB.Equity",,"GWW.UN.Equity",,
"287","PMV.AT.Equity",,,,,,"SCH.AB.Equity",,"HARG.AR.Equity",,
"288","PNI.AT.Equity",,,,,,"SEERA.AB.Equity",,"HCC.AB.Equity",,
"289","POW.CT.Equity",,,,,,"SHAKER.AB.Equity",,"HDC.SJ.Equity",,
"290","PPT.AT.Equity",,,,,,"SK.FP.Equity",,"HEI.GY.Equity",,
"291","PRU.LN.Equity",,,,,,"SKC.AT.Equity",,"HII.UN.Equity",,
"292","PSG.SJ.Equity",,,,,,"SNH.SJ.Equity",,"HLMA.LN.Equity",,
"293","PSH.LN.Equity",,,,,,"STLA.IM.Equity",,"HO.FP.Equity",,
"294","PST.IM.Equity",,,,,,"SUI.SJ.Equity",,"HWM.UN.Equity",,
"295","PTM.AT.Equity",,,,,,"SUL.AT.Equity",,"IEX.UN.Equity",,
"296","Q..MF.Equity",,,,,,"SW.FP.Equity",,"INFO.UN.Equity",,
"297","QLT.SJ.Equity",,,,,,"TAH.AT.Equity",,"IP.IM.Equity",,
"298","RA.MF.Equity",,,,,,"TAPRCO.AB.Equity",,"IPH.AT.Equity",,
"299","REM.SJ.Equity",,,,,,"TECO.AB.Equity",,"IPL.SJ.Equity",,
"300","RIBL.AB.Equity",,,,,,"TFG.SJ.Equity",,"IR.UN.Equity",,
"301","RJHI.AB.Equity",,,,,,"THYAO.TI.Equity",,"ITP.CT.Equity",,
"302","RMI.SJ.Equity",,,,,,"TKNSA.TI.Equity",,"ITRK.LN.Equity",,
"303","RNI.SJ.Equity",,,,,,"TLEVICPO.MF.Equity",,"JHX.AT.Equity",,
"304","RY.CT.Equity",,,,,,"TOASO.TI.Equity",,"JOUF.AB.Equity",,
"305","SAB.SM.Equity",,,,,,"TOY.CT.Equity",,"KAP.SJ.Equity",,
"306","SABB.AB.Equity",,,,,,"TRU.SJ.Equity",,"KARTN.TI.Equity",,
"307","SABBT.AB.Equity",,,,,,"TSG.SJ.Equity",,"KSP.ID.Equity",,
"308","SAGR.AB.Equity",,,,,,"TTAN.IS.Equity",,"LDO.IM.Equity",,
"309","SAHOL.TI.Equity",,,,,,"TTMT.IS.Equity",,"LNK.AT.Equity",,
"310","SAIC.AB.Equity",,,,,,"TW..LN.Equity",,"LOMA.AR.Equity",,
"311","SAICO.AB.Equity",,,,,,"UBI.FP.Equity",,"LR.FP.Equity",,
"312","SALAMA.AB.Equity",,,,,,"VESBE.TI.Equity",,"LT.IS.Equity",,
"313","SAN.SM.Equity",,,,,,"VESTL.TI.Equity",,"LWRK.CT.Equity",,
"314","SAUDIRE.AB.Equity",,,,,,"VIV.FP.Equity",,"MCDCO.AB.Equity",,
"315","SBER.RX.Equity",,,,,,"VOLARA.MF.Equity",,"MGGT.LN.Equity",,
"316","SBERP.RX.Equity",,,,,,"VOW3.GY.Equity",,"MMM.UN.Equity",,
"317","SBILIFE.IS.Equity",,,,,,"WALMEX..MF.Equity",,"MNDI.LN.Equity",,
"318","SBIN.IS.Equity",,,,,,"WES.AT.Equity",,"MNP.SJ.Equity",,
"319","SBK.SJ.Equity",,,,,,"WHL.SJ.Equity",,"MRO.LN.Equity",,
"320","SDR.LN.Equity",,,,,,"WMT.UN.Equity",,"MTL.CT.Equity",,
"321","SHIELD.AB.Equity",,,,,,"WPP.LN.Equity",,"MTX.GY.Equity",,
"322","SIBC.AB.Equity",,,,,,"WTB.LN.Equity",,"MUR.SJ.Equity",,
"323","SIDC.AB.Equity",,,,,,"YATAS.TI.Equity",,"NFI.CT.Equity",,
"324","SII.CT.Equity",,,,,,"ZAL.GY.Equity",,"NGCO.AB.Equity",,
"325","SKBNK.TI.Equity",,,,,,"ZZZ.CT.Equity",,"NMTP.RX.Equity",,
"326","SLF.CT.Equity",,,,,,,,"NORTHCEM.AB.Equity",,
"327","SLM.SJ.Equity",,,,,,,,"NSCSA.AB.Equity",,
"328","SMT.LN.Equity",,,,,,,,"OASIS.AB.Equity",,
"329","SNB.AB.Equity",,,,,,,,"OMAB.MF.Equity",,
"330","SNT.SJ.Equity",,,,,,,,"ORA.AT.Equity",,
"331","STAN.LN.Equity",,,,,,,,"ORBIA..MF.Equity",,
"332","STJ.LN.Equity",,,,,,,,"OTKAR.TI.Equity",,
"333","SUN.AT.Equity",,,,,,,,"OYAKC.TI.Equity",,
"334","SUPV.AR.Equity",,,,,,,,"PINFRA..MF.Equity",,
"335","TAWUNIYA.AB.Equity",,,,,,,,"PPC.SJ.Equity",,
"336","TCP.SJ.Equity",,,,,,,,"PRY.IM.Equity",,
"337","TD.CT.Equity",,,,,,,,"QACCO.AB.Equity",,
"338","TRI.CT.Equity",,,,,,,,"RBX.SJ.Equity",,
"339","TRV.UN.Equity",,,,,,,,"RCH.CT.Equity",,
"340","TSKB.TI.Equity",,,,,,,,"RLO.SJ.Equity",,
"341","TURSG.TI.Equity",,,,,,,,"RMG.LN.Equity",,
"342","UCA.AB.Equity",,,,,,,,"RR..LN.Equity",,
"343","UCG.IM.Equity",,,,,,,,"RTO.LN.Equity",,
"344","UNI.IM.Equity",,,,,,,,"RWC.AT.Equity",,
"345","VAKBN.TI.Equity",,,,,,,,"SAAC.AB.Equity",,
"346","VERUS.TI.Equity",,,,,,,,"SACCO.AB.Equity",,
"347","VTBR.RX.Equity",,,,,,,,"SADR.AB.Equity",,
"348","VUK.AT.Equity",,,,,,,,"SAF.FP.Equity",,
"349","WALAA.AB.Equity",,,,,,,,"SCERCO.AB.Equity",,
"350","WATAN.AB.Equity",,,,,,,,"SEK.AT.Equity",,
"351","WFG.CT.Equity",,,,,,,,"SGO.FP.Equity",,
"352","X.CT.Equity",,,,,,,,"SGS.AB.Equity",,
"353","YKBNK.TI.Equity",,,,,,,,"SIE.GY.Equity",,
"354","ZED.SJ.Equity",,,,,,,,"SIECO.AB.Equity",,
"355",,,,,,,,,"SISCO.AB.Equity",,
"356",,,,,,,,,"SISE.TI.Equity",,
"357",,,,,,,,,"SKG.ID.Equity",,
"358",,,,,,,,,"SKG.LN.Equity",,
"359",,,,,,,,,"SMDS.LN.Equity",,
"360",,,,,,,,,"SMIN.LN.Equity",,
"361",,,,,,,,,"SNC.CT.Equity",,
"362",,,,,,,,,"SOCCO.AB.Equity",,
"363",,,,,,,,,"SPG.SJ.Equity",,
"364",,,,,,,,,"SPPC.AB.Equity",,
"365",,,,,,,,,"SPX.LN.Equity",,
"366",,,,,,,,,"SRCM.IS.Equity",,
"367",,,,,,,,,"STN.CT.Equity",,
"368",,,,,,,,,"SU.FP.Equity",,
"369",,,,,,,,,"SVCP.AB.Equity",,
"370",,,,,,,,,"SVW.AT.Equity",,
"371",,,,,,,,,"TACCO.AB.Equity",,
"372",,,,,,,,,"TAKWEEN.AB.Equity",,
"373",,,,,,,,,"TAVHL.TI.Equity",,
"374",,,,,,,,,"TCL.A.CT.Equity",,
"375",,,,,,,,,"TEP.FP.Equity",,
"376",,,,,,,,,"TFII.CT.Equity",,
"377",,,,,,,,,"TIH.CT.Equity",,
"378",,,,,,,,,"TKFEN.TI.Equity",,
"379",,,,,,,,,"TTRAK.TI.Equity",,
"380",,,,,,,,,"UACC.AB.Equity",,
"381",,,,,,,,,"UTCEM.IS.Equity",,
"382",,,,,,,,,"UWGN.RX.Equity",,
"383",,,,,,,,,"V.UN.Equity",,
"384",,,,,,,,,"WBO.SJ.Equity",,
"385",,,,,,,,,"WLN.FP.Equity",,
"386",,,,,,,,,"WOR.AT.Equity",,
"387",,,,,,,,,"WPK.CT.Equity",,
"388",,,,,,,,,"WSP.CT.Equity",,
"389",,,,,,,,,"WTE.CT.Equity",,
"390",,,,,,,,,"YACCO.AB.Equity",,
"391",,,,,,,,,"YNCCO.AB.Equity",,
"392",,,,,,,,,"ZIIC.AB.Equity",,
"393",,,,,,,,,"ZOUJAJ.AB.Equity",,
