"","Banks","Real.Estate","Health.Care","Basic.Resources","Insurance","Telecommunications","Technology","Travel.and.Leisure","Food.Beverage.and.Tobacco","Industrial.Goods.and.Services","Financial.Services","Construction.and.Materials","Automobiles.and.Parts","Consumer.Products.and.Services","Chemicals","Retail","Energy","Media","Utilities","Personal.Care.Drug.and.Grocery.Stores"
"1","X000001.CH.Equity","X000002.CH.Equity","X000020.KS.Equity","X000050.KS.Equity","X000060.KS.Equity","X000063.CH.Equity","X000066.CH.Equity","X000069.CH.Equity","X000070.KS.Equity","X000120.KS.Equity","X000166.CH.Equity","X000180.KS.Equity","X000240.KS.Equity","X000333.CH.Equity","X000703.CH.Equity","X002024.CH.Equity","X002202.CH.Equity","X002420.KS.Equity","X004690.KS.Equity","X005360.KS.Equity"
"2","X002142.CH.Equity","X001979.CH.Equity","X000220.KS.Equity","X000301.CH.Equity","X000370.KS.Equity","X002475.CH.Equity","X000100.CH.Equity","X000650.KS.Equity","X000080.KS.Equity","X000157.CH.Equity","X000776.CH.Equity","X000210.KS.Equity","X000270.KS.Equity","X000651.CH.Equity","X000760.KS.Equity","X004170.KS.Equity","X002459.CH.Equity","X002624.CH.Equity","X1038.HK.Equity","X1044.HK.Equity"
"3","X11.HK.Equity","X101.HK.Equity","X000230.KS.Equity","X000590.KS.Equity","X000400.KS.Equity","X005110.KS.Equity","X000660.KS.Equity","X003490.KS.Equity","X000140.KS.Equity","X000320.KS.Equity","X000783.CH.Equity","X000720.KS.Equity","X000300.KS.Equity","X000680.KS.Equity","X001340.KS.Equity","X005440.KS.Equity","X002960.KS.Equity","X003560.KS.Equity","X2.HK.Equity","X241.HK.Equity"
"4","X1398.HK.Equity","X1109.HK.Equity","X000520.KS.Equity","X000670.KS.Equity","X000540.KS.Equity","X005870.KS.Equity","X000725.CH.Equity","X1928.HK.Equity","X000568.CH.Equity","X000338.CH.Equity","X001200.KS.Equity","X000786.CH.Equity","X000430.KS.Equity","X001460.KS.Equity","X001390.KS.Equity","X300413.CH.Equity","X003580.KS.Equity","X4324.JT.Equity","X2688.HK.Equity","X300014.CH.Equity"
"5","X2388.HK.Equity","X1113.HK.Equity","X000538.CH.Equity","X000708.CH.Equity","X000810.KS.Equity","X1810.HK.Equity","X000938.CH.Equity","X27.HK.Equity","X000596.CH.Equity","X000390.KS.Equity","X001270.KS.Equity","X000910.KS.Equity","X000625.CH.Equity","X002032.CH.Equity","X001550.KS.Equity","X3086.JT.Equity","X1605.JT.Equity","X9602.JT.Equity","X3.HK.Equity","X4452.JT.Equity"
"6","X3968.HK.Equity","X12.HK.Equity","X000640.KS.Equity","X000950.KS.Equity","X001450.KS.Equity","X300628.CH.Equity","X000977.CH.Equity","X300144.CH.Equity","X000858.CH.Equity","X000425.CH.Equity","X001290.KS.Equity","X001260.KS.Equity","X000800.CH.Equity","X002170.KS.Equity","X001570.KS.Equity","X3099.JT.Equity","X300274.CH.Equity","BMTR.IJ.Equity","X6.HK.Equity","X8267.JT.Equity"
"7","X3988.HK.Equity","X16.HK.Equity","X000661.CH.Equity","X000970.KS.Equity","X003690.KS.Equity","X600050.CH.Equity","X000990.KS.Equity","X600029.CH.Equity","X000876.CH.Equity","X000480.KS.Equity","X001500.KS.Equity","X001520.KS.Equity","X001420.KS.Equity","X002241.CH.Equity","X002020.KS.Equity","X3382.JT.Equity","X386.HK.Equity","CAR.AT.Equity","X600011.CH.Equity","ABC.UN.Equity"
"8","X5.HK.Equity","X17.HK.Equity","X000963.CH.Equity","X001070.KS.Equity","X005830.KS.Equity","X601138.CH.Equity","X002008.CH.Equity","X600115.CH.Equity","X000890.KS.Equity","X000490.KS.Equity","X001510.KS.Equity","X001880.KS.Equity","X001620.KS.Equity","X002450.KS.Equity","X002064.CH.Equity","X600655.CH.Equity","X5019.JT.Equity","CJR.B.CT.Equity","X600025.CH.Equity","ADESE.TI.Equity"
"9","X600000.CH.Equity","X1997.HK.Equity","X001060.KS.Equity","X001230.KS.Equity","X1299.HK.Equity","X762.HK.Equity","X002027.CH.Equity","X601021.CH.Equity","X000895.CH.Equity","X000500.KS.Equity","X001720.KS.Equity","X002030.KS.Equity","X002350.KS.Equity","X002607.CH.Equity","X002100.KS.Equity","X601888.CH.Equity","X5020.JT.Equity","DIS.UN.Equity","X600795.CH.Equity","AMRT.IJ.Equity"
"10","X600015.CH.Equity","X2007.HK.Equity","X001360.KS.Equity","X001380.KS.Equity","X2318.HK.Equity","X941.HK.Equity","X002049.CH.Equity","X601111.CH.Equity","X001130.KS.Equity","X000700.KS.Equity","X001750.KS.Equity","X002150.KS.Equity","X002555.CH.Equity","X002700.KS.Equity","X002360.KS.Equity","X8233.JT.Equity","X600028.CH.Equity","DISCA.UW.Equity","X600886.CH.Equity","AOTHAIM.AB.Equity"
"11","X600016.CH.Equity","X3289.JT.Equity","X001630.KS.Equity","X001430.KS.Equity","X2628.HK.Equity","X9432.JT.Equity","X002129.CH.Equity","X6862.HK.Equity","X001680.KS.Equity","X000768.CH.Equity","X002736.CH.Equity","X002271.CH.Equity","X002594.CH.Equity","X002790.KS.Equity","X002493.CH.Equity","X8252.JT.Equity","X601088.CH.Equity","DISCK.UW.Equity","X600900.CH.Equity","BEI.GY.Equity"
"12","X600036.CH.Equity","X600048.CH.Equity","X002007.CH.Equity","X001530.KS.Equity","X601318.CH.Equity","X9433.JT.Equity","X002230.CH.Equity","X9008.JT.Equity","X001790.KS.Equity","X000850.KS.Equity","X003470.KS.Equity","X002410.KS.Equity","X002602.CH.Equity","X002880.KS.Equity","X002568.CH.Equity","X9983.JT.Equity","X601225.CH.Equity","EVT.AT.Equity","X9501.JT.Equity","BID.SJ.Equity"
"13","X600919.CH.Equity","X600383.CH.Equity","X002044.CH.Equity","X001940.KS.Equity","X601319.CH.Equity","X9434.JT.Equity","X002371.CH.Equity","X9202.JT.Equity","X001800.KS.Equity","X000860.KS.Equity","X003530.KS.Equity","X002460.KS.Equity","X002920.KS.Equity","X003350.KS.Equity","X002601.CH.Equity","AAP.UN.Equity","X601808.CH.Equity","FOX.UW.Equity","X9502.JT.Equity","BIMAS.TI.Equity"
"14","X600926.CH.Equity","X600606.CH.Equity","X002210.KS.Equity","X002240.KS.Equity","X601336.CH.Equity","X9984.JT.Equity","X002410.CH.Equity","AAL.UW.Equity","X002001.CH.Equity","X000880.KS.Equity","X003540.KS.Equity","X002780.KS.Equity","X003570.KS.Equity","X004060.KS.Equity","X002709.CH.Equity","ACES.IJ.Equity","X601857.CH.Equity","FOXA.UW.Equity","X9503.JT.Equity","CA.FP.Equity"
"15","X601009.CH.Equity","X600848.CH.Equity","X002252.CH.Equity","X002310.KS.Equity","X601601.CH.Equity","AMXL.MF.Equity","X002414.CH.Equity","AATD.AB.Equity","X002140.KS.Equity","X001040.KS.Equity","X005940.KS.Equity","X002791.CH.Equity","X003620.KS.Equity","X004270.KS.Equity","X002810.KS.Equity","AHFCO.AB.Equity","X857.HK.Equity","INF.LN.Equity","X9531.JT.Equity","CHD.UN.Equity"
"16","X601166.CH.Equity","X601155.CH.Equity","X002390.KS.Equity","X002460.CH.Equity","X601628.CH.Equity","ANET.UN.Equity","X002415.CH.Equity","AC.CT.Equity","X002157.CH.Equity","X001080.KS.Equity","X300059.CH.Equity","X002820.KS.Equity","X004100.KS.Equity","X004700.KS.Equity","X003080.KS.Equity","ALHOKAIR.AB.Equity","X883.HK.Equity","IPG.UN.Equity","X9532.JT.Equity","CL.UN.Equity"
"17","X601169.CH.Equity","X6098.HK.Equity","X002620.KS.Equity","X002466.CH.Equity","X6178.JT.Equity","BCE.CT.Equity","X002600.CH.Equity","AC.FP.Equity","X002270.KS.Equity","X001120.KS.Equity","X388.HK.Equity","X002990.KS.Equity","X004490.KS.Equity","X005070.KS.Equity","X003240.KS.Equity","AMZN.UW.Equity","X968.HK.Equity","ITV.LN.Equity","A2A.IM.Equity","CLS.SJ.Equity"
"18","X601229.CH.Equity","X688.HK.Equity","X002720.KS.Equity","X002690.KS.Equity","X8630.JT.Equity","BHARTI.IS.Equity","X002841.CH.Equity","AFLT.RX.Equity","X002304.CH.Equity","X001250.KS.Equity","X600030.CH.Equity","X003070.KS.Equity","X005030.KS.Equity","X005320.KS.Equity","X003650.KS.Equity","APE.AT.Equity","AAV.CT.Equity","NEC.AT.Equity","ACO.X.CT.Equity","CLX.UN.Equity"
"19","X601288.CH.Equity","X823.HK.Equity","X002821.CH.Equity","X002710.KS.Equity","X8725.JT.Equity","BHIT.IJ.Equity","X002916.CH.Equity","ALK.UN.Equity","X002311.CH.Equity","X001440.KS.Equity","X600061.CH.Equity","X003410.KS.Equity","X005380.KS.Equity","X005390.KS.Equity","X003720.KS.Equity","ARB.AT.Equity","ADRO.IJ.Equity","NWS.AT.Equity","AEE.UN.Equity","COL.AT.Equity"
"20","X601328.CH.Equity","X8801.JT.Equity","X003000.KS.Equity","X003030.KS.Equity","X8750.JT.Equity","BLU.SJ.Equity","X002938.CH.Equity","ALL.AT.Equity","X002600.KS.Equity","X001560.KS.Equity","X600109.CH.Equity","X003480.KS.Equity","X005720.KS.Equity","X005800.KS.Equity","X003830.KS.Equity","ATD.CT.Equity","AKRA.IJ.Equity","PSON.LN.Equity","AES.UN.Equity","CVS.UN.Equity"
"21","X601398.CH.Equity","X8802.JT.Equity","X003060.KS.Equity","X003200.KS.Equity","X8766.JT.Equity","BT.A.LN.Equity","X003160.KS.Equity","ALSEA..MF.Equity","X002714.CH.Equity","X001740.KS.Equity","X600837.CH.Equity","X004440.KS.Equity","X005850.KS.Equity","X1925.JT.Equity","X004000.KS.Equity","ATZ.CT.Equity","ALD.AT.Equity","PUB.FP.Equity","AGL.AT.Equity","DCP.SJ.Equity"
"22","X601818.CH.Equity","X8804.JT.Equity","X003090.KS.Equity","X003610.KS.Equity","X8795.JT.Equity","CCA.CT.Equity","X004380.KS.Equity","BIRD.IJ.Equity","X002760.KS.Equity","X001780.KS.Equity","X600958.CH.Equity","X004870.KS.Equity","X1211.HK.Equity","X1928.JT.Equity","X004090.KS.Equity","AZO.UN.Equity","ALDREES.AB.Equity","REL.LN.Equity","AKSEN.TI.Equity","EMP.A.CT.Equity"
"23","X601838.CH.Equity","X8830.JT.Equity","X003120.KS.Equity","X003670.KS.Equity","ACE.AB.Equity","CDA.AT.Equity","X004710.KS.Equity","BKNG.UW.Equity","X003230.KS.Equity","X001820.KS.Equity","X600999.CH.Equity","X004960.KS.Equity","X175.HK.Equity","X2020.HK.Equity","X004430.KS.Equity","BBWI.UN.Equity","APA.AT.Equity","RESEARCH.AB.Equity","ALA.CT.Equity","HFG.GY.Equity"
"24","X7186.JT.Equity","X960.HK.Equity","X003220.KS.Equity","X004020.KS.Equity","ACIG.AB.Equity","CENT.IJ.Equity","X004770.KS.Equity","CCL.UN.Equity","X003680.KS.Equity","X002050.CH.Equity","X601066.CH.Equity","X004980.KS.Equity","X300750.CH.Equity","X2313.HK.Equity","X005950.KS.Equity","BBY.UN.Equity","ARX.CT.Equity","TAPRCO.AB.Equity","AQN.CT.Equity","HUVR.IS.Equity"
"25","X8303.JT.Equity","ADCO.AB.Equity","X003520.KS.Equity","X004560.KS.Equity","ADM.LN.Equity","CHTR.UW.Equity","X005680.KS.Equity","CKF.AT.Equity","X003920.KS.Equity","X002120.CH.Equity","X601108.CH.Equity","X005750.KS.Equity","X5101.JT.Equity","X2331.HK.Equity","X006120.KS.Equity","BME.LN.Equity","BIR.CT.Equity","TLEVICPO.MF.Equity","ATO.UN.Equity","JMT.PL.Equity"
"26","X8304.JT.Equity","AIF.CT.Equity","X003850.KS.Equity","X004830.KS.Equity","AFL.UN.Equity","CLNX.SM.Equity","X005930.KS.Equity","CLH.SJ.Equity","X003960.KS.Equity","X002179.CH.Equity","X601162.CH.Equity","X005960.KS.Equity","X5108.JT.Equity","X3659.JT.Equity","X1COV.GY.Equity","CARS.IJ.Equity","BLDP.CT.Equity","VIV.FP.Equity","AWK.UN.Equity","JWEL.CT.Equity"
"27","X8306.JT.Equity","ALAHLI.AB.Equity","X004080.KS.Equity","X004890.KS.Equity","AGS.BB.Equity","CMCSA.UW.Equity","X006200.KS.Equity","CMG.UN.Equity","X004370.KS.Equity","X002200.KS.Equity","X601211.CH.Equity","X1721.JT.Equity","X5802.JT.Equity","X4911.JT.Equity","X3101.JT.Equity","COST.UW.Equity","BOSS.IJ.Equity","WPP.LN.Equity","BEP.U.CT.Equity","KIMBERA.MF.Equity"
"28","X8308.JT.Equity","ALANDALU.AB.Equity","X004310.KS.Equity","X005010.KS.Equity","AICC.AB.Equity","CNU.AT.Equity","X2018.HK.Equity","CTD.AT.Equity","X004410.KS.Equity","X002236.CH.Equity","X601377.CH.Equity","X1801.JT.Equity","X600104.CH.Equity","X600690.CH.Equity","X3103.JT.Equity","CSB.SJ.Equity","BP..LN.Equity",,"BIP.U.CT.Equity","L.CT.Equity"
"29","X8309.JT.Equity","ALARKAN.AB.Equity","X004720.KS.Equity","X005490.KS.Equity","AIG.UN.Equity","CSCO.UW.Equity","X2382.HK.Equity","CZR.UW.Equity","X004970.KS.Equity","X002320.KS.Equity","X601688.CH.Equity","X1802.JT.Equity","X600741.CH.Equity","X669.HK.Equity","X3401.JT.Equity","CTC.A.CT.Equity","BPCL.IS.Equity",,"BLX.CT.Equity","MGNT.RX.Equity"
"30","X8316.JT.Equity","ALGYO.TI.Equity","X005250.KS.Equity","X005810.KS.Equity","AIZ.UN.Equity","CVH.AR.Equity","X2432.JT.Equity","DAL.UN.Equity","X004990.KS.Equity","X002352.CH.Equity","X601788.CH.Equity","X1803.JT.Equity","X601238.CH.Equity","X6752.JT.Equity","X3402.JT.Equity","DG.UN.Equity","BPT.AT.Equity",,"CEPU.AR.Equity","MGROS.TI.Equity"
"31","X8331.JT.Equity","ALJAZIRA.AB.Equity","X005500.KS.Equity","X006110.KS.Equity","AJG.UN.Equity","DISH.UW.Equity","X300033.CH.Equity","DMP.AT.Equity","X005180.KS.Equity","X002812.CH.Equity","X601878.CH.Equity","X1808.JT.Equity","X601633.CH.Equity","X6758.JT.Equity","X3405.JT.Equity","DLTR.UW.Equity","BTE.CT.Equity",,"CMS.UN.Equity","MRU.CT.Equity"
"32","X8354.JT.Equity","ALKHABEE.AB.Equity","X005690.KS.Equity","X3861.JT.Equity","ALALAMIY.AB.Equity","DTE.GY.Equity","X300316.CH.Equity","DPZ.UN.Equity","X005610.KS.Equity","X002870.KS.Equity","X601881.CH.Equity","X1812.JT.Equity","X601799.CH.Equity","X6952.JT.Equity","X3407.JT.Equity","DOAS.TI.Equity","BUMI.IJ.Equity",,"CNP.UN.Equity","OCDO.LN.Equity"
"33","X8355.JT.Equity","ALRAJHI.AB.Equity","X1093.HK.Equity","X3863.JT.Equity","ALETIHAD.AB.Equity","EEC.AB.Equity","X300408.CH.Equity","DRI.UN.Equity","X005740.KS.Equity","X002900.KS.Equity","X8601.JT.Equity","X1963.JT.Equity","X6473.JT.Equity","X7272.JT.Equity","X4004.JT.Equity","DOL.CT.Equity","CCO.CT.Equity",,"CPX.CT.Equity","PBH.CT.Equity"
"34","X8411.JT.Equity","AMT.UN.Equity","X1177.HK.Equity","X5401.JT.Equity","ALINMATO.AB.Equity","INW.IM.Equity","X3436.JT.Equity","DUR.AB.Equity","X006040.KS.Equity","X003010.KS.Equity","X8604.JT.Equity","X5232.JT.Equity","X6902.JT.Equity","X7731.JT.Equity","X4005.JT.Equity","ERAA.IJ.Equity","CNQ.CT.Equity",,"CU.CT.Equity","PG.UN.Equity"
"35","X939.HK.Equity","APLN.IJ.Equity","X2269.HK.Equity","X5406.JT.Equity","ALL.UN.Equity","MCG.SJ.Equity","X3690.HK.Equity","DWF.AB.Equity","X006090.KS.Equity","X003300.KS.Equity","X8628.JT.Equity","X5233.JT.Equity","X7201.JT.Equity","X7762.JT.Equity","X4021.JT.Equity","ETSY.UW.Equity","COAL.IS.Equity",,"CWY.AT.Equity","PIK.SJ.Equity"
"36","ABG.SJ.Equity","AP.U.CT.Equity","X2413.JT.Equity","X5411.JT.Equity","ALLIANZ.AB.Equity","MEGACPO.MF.Equity","X4689.JT.Equity","EIF.CT.Equity","X1332.JT.Equity","X003550.KS.Equity","X8697.JT.Equity","X5332.JT.Equity","X7203.JT.Equity","X7832.JT.Equity","X4042.JT.Equity","EXTRA.AB.Equity","COP.UN.Equity",,"D.UN.Equity","RKT.LN.Equity"
"37","ACA.FP.Equity","ARE.UN.Equity","X300003.CH.Equity","X5541.JT.Equity","ALV.GY.Equity","MTN.SJ.Equity","X4704.JT.Equity","ENT.LN.Equity","X1333.JT.Equity","X003780.KS.Equity","AADC.AB.Equity","X600585.CH.Equity","X7211.JT.Equity","X7951.JT.Equity","X4043.JT.Equity","HD.UN.Equity","CPG.CT.Equity",,"DTE.UN.Equity","SBRY.LN.Equity"
"38","AGRO.IJ.Equity","ASRI.IJ.Equity","X300015.CH.Equity","X5703.JT.Equity","AON.UN.Equity","MTSS.RX.Equity","X4751.JT.Equity","EXPE.UW.Equity","X2002.JT.Equity","X004140.KS.Equity","ABDICO.AB.Equity","X601186.CH.Equity","X7261.JT.Equity","X7974.JT.Equity","X4061.JT.Equity","HVN.AT.Equity","CTRA.UN.Equity",,"DUK.UN.Equity","SHP.SJ.Equity"
"39","AKBNK.TI.Equity","ATT.SJ.Equity","X300122.CH.Equity","X5706.JT.Equity","ARCCI.AB.Equity","ORA.FP.Equity","X4755.JT.Equity","FBR.SJ.Equity","X2269.JT.Equity","X004250.KS.Equity","ABDN.LN.Equity","X601390.CH.Equity","X7267.JT.Equity","X9766.JT.Equity","X4063.JT.Equity","ITE.SJ.Equity","CVX.UN.Equity",,"ED.UN.Equity","SMARKETI.AB.Equity"
"40","ALBI.AB.Equity","AVB.UN.Equity","X300142.CH.Equity","X5707.JT.Equity","AUB.AT.Equity","QBR.B.CT.Equity","X4901.JT.Equity","FLTR.ID.Equity","X2282.JT.Equity","X004360.KS.Equity","ADMF.IJ.Equity","X601618.CH.Equity","X7269.JT.Equity","ADH.SJ.Equity","X4183.JT.Equity","ITX.SM.Equity","DOID.IJ.Equity",,"EDF.FP.Equity","SOKM.TI.Equity"
"41","ALINMA.AB.Equity","AX.U.CT.Equity","X300347.CH.Equity","X5713.JT.Equity","AV..LN.Equity","RCI.B.CT.Equity","X4902.JT.Equity","FLTR.LN.Equity","X2319.HK.Equity","X004450.KS.Equity","AFH.SJ.Equity","X601668.CH.Equity","X7270.JT.Equity","ADS.GY.Equity","X4188.JT.Equity","JARIR.AB.Equity","DVN.UN.Equity",,"EDN.AR.Equity","SPM.AB.Equity"
"42","ANZ.AT.Equity","BEI.U.CT.Equity","X300529.CH.Equity","X5714.JT.Equity","AXA.AB.Equity","RTKM.RX.Equity","X600183.CH.Equity","HERFY.AB.Equity","X2501.JT.Equity","X004800.KS.Equity","AFKS.RX.Equity","X601669.CH.Equity","APTV.UN.Equity","ALABDUL.AB.Equity","X4208.JT.Equity","JBH.AT.Equity","ELSA.IJ.Equity",,"EDP.PL.Equity","SPP.SJ.Equity"
"43","ARNB.AB.Equity","BEST.IJ.Equity","X300558.CH.Equity","X600010.CH.Equity","BRO.UN.Equity","RTKMP.RX.Equity","X600570.CH.Equity","HLT.UN.Equity","X2502.JT.Equity","X004840.KS.Equity","AIL.SJ.Equity","X601800.CH.Equity","ASII.IJ.Equity","ALKHLEEJ.AB.Equity","X4631.JT.Equity","JD..LN.Equity","ENB.CT.Equity",,"EDPR.PL.Equity","TSCO.LN.Equity"
"44","AXSB.IS.Equity","BKSL.IJ.Equity","X300595.CH.Equity","X600019.CH.Equity","BUPA.AB.Equity","SCACO.AB.Equity","X600584.CH.Equity","IAG.LN.Equity","X2503.JT.Equity","X004910.KS.Equity","AMP.UN.Equity","X6367.JT.Equity","AUTO.IJ.Equity","ARCLK.TI.Equity","X5301.JT.Equity","KGF.LN.Equity","ENG.SM.Equity",,"EIX.UN.Equity","ULVR.LN.Equity"
"45","BAC.UN.Equity","BLND.LN.Equity","X300601.CH.Equity","X600111.CH.Equity","BURUJ.AB.Equity","SITESB1.MF.Equity","X600588.CH.Equity","IAG.SM.Equity","X2531.JT.Equity","X005090.KS.Equity","ASTRA.AB.Equity","X7004.JT.Equity","BJAUT.IS.Equity","ASSA.IJ.Equity","X600176.CH.Equity","LIVEPOLC.MF.Equity","ENI.IM.Equity",,"ELE.SM.Equity","WBA.UW.Equity"
"46","BAMI.IM.Equity","BONYAN.AB.Equity","X300676.CH.Equity","X600362.CH.Equity","CB.UN.Equity","SJR.B.CT.Equity","X600845.CH.Equity","IHG.LN.Equity","X2801.JT.Equity","X005430.KS.Equity","ASX.AT.Equity","ABC.AT.Equity","BMW.GY.Equity","ATVI.UW.Equity","X600309.CH.Equity","MAVI.TI.Equity","ENPH.UQ.Equity",,"EMA.CT.Equity","WN.CT.Equity"
"47","BARC.LN.Equity","BSDE.IJ.Equity","X300677.CH.Equity","X600489.CH.Equity","CGF.AT.Equity","SPK.AT.Equity","X601231.CH.Equity","LEEJAM.AB.Equity","X2802.JT.Equity","X005820.KS.Equity","AZM.IM.Equity","ACS.SM.Equity","BRISA.TI.Equity","BDEV.LN.Equity","X600346.CH.Equity","MRP.SJ.Equity","EOG.UN.Equity",,"ENEL.IM.Equity","WOW.AT.Equity"
"48","BBAJIOO.MF.Equity","BWP.AT.Equity","X300759.CH.Equity","X600547.CH.Equity","CINF.UW.Equity","STC.AB.Equity","X6645.JT.Equity","MCD.UN.Equity","X2871.JT.Equity","X005880.KS.Equity","BAF.IS.Equity","ACST.IJ.Equity","BWA.UN.Equity","BKG.LN.Equity","X600352.CH.Equity","MSM.SJ.Equity","ERF.CT.Equity",,"ENGI.FP.Equity",
"49","BBAR.AR.Equity","BXP.UN.Equity","X300760.CH.Equity","X601600.CH.Equity","CS.FP.Equity","T.CT.Equity","X6701.JT.Equity","MEL.SM.Equity","X288.HK.Equity","X006060.KS.Equity","BAM.A.CT.Equity","ADHI.IJ.Equity","BYD.CT.Equity","BRBY.LN.Equity","X600426.CH.Equity","MTH.SJ.Equity","ESSA.IJ.Equity",,"ENJSA.TI.Equity",
"50","BBCA.IJ.Equity","CAR.U.CT.Equity","X4151.JT.Equity","X6471.JT.Equity","DSY.SJ.Equity","TCELL.TI.Equity","X6702.JT.Equity","MTY.CT.Equity","X291.HK.Equity","X1.HK.Equity","BAT.SJ.Equity","AFT.SJ.Equity","CIE.SM.Equity","BRG.AT.Equity","X601216.CH.Equity","MVID.RX.Equity","EXX.SJ.Equity",,"EOAN.GY.Equity",
"51","BBKP.IJ.Equity","CBRE.UN.Equity","X4502.JT.Equity","X6472.JT.Equity","FFH.CT.Equity","TECO2.AR.Equity","X6703.JT.Equity","NTHOL.TI.Equity","X2914.JT.Equity","X267.HK.Equity","BBU.U.CT.Equity","ALARK.TI.Equity","CON.GY.Equity","BUDGET.AB.Equity","X601865.CH.Equity","NWC.CT.Equity","FANG.UW.Equity",,"ES.UN.Equity",
"52","BBNI.IJ.Equity","CCI.UN.Equity","X4503.JT.Equity","AAL.LN.Equity","G.IM.Equity","TEF.SM.Equity","X6724.JT.Equity","PGSUS.TI.Equity","X300498.CH.Equity","X2768.JT.Equity","BCAP.IJ.Equity","ALBABTAI.AB.Equity","EGEEN.TI.Equity","CFR.SJ.Equity","X6988.JT.Equity","NXT.LN.Equity","FRU.CT.Equity",,"ETR.UN.Equity",
"53","BBRI.IJ.Equity","CCO.SJ.Equity","X4506.JT.Equity","ABX.CT.Equity","GGCI.AB.Equity","TIT.IM.Equity","X6753.JT.Equity","QAN.AT.Equity","X600132.CH.Equity","X300124.CH.Equity","BEN.UN.Equity","AOS.UN.Equity","F.UN.Equity","COH.SJ.Equity","ADMG.IJ.Equity","PPH.SJ.Equity","GALP.PL.Equity",,"EVRG.UN.Equity",
"54","BBTN.IJ.Equity","CHC.AT.Equity","X4507.JT.Equity","ACL.SJ.Equity","GL.UN.Equity","TKG.SJ.Equity","X6762.JT.Equity","QSR.CT.Equity","X600438.CH.Equity","X300433.CH.Equity","BFIN.IJ.Equity","ARCCO.AB.Equity","FROTO.TI.Equity","CPG.LN.Equity","AFE.SJ.Equity","SNH.SJ.Equity","GAZP.RX.Equity",,"FE.UN.Equity",
"55","BBVA.SM.Equity","CHP.U.CT.Equity","X4519.JT.Equity","ACX.SM.Equity","GULFUNI.AB.Equity","TLS.AT.Equity","X6770.JT.Equity","RYA.ID.Equity","X600519.CH.Equity","X300450.CH.Equity","BJFIN.IS.Equity","ARE.CT.Equity","GM.UN.Equity","CPRT.UW.Equity","AGII.IJ.Equity","SUL.AT.Equity","GEI.CT.Equity",,"FEES.RX.Equity",
"56","BDMN.IJ.Equity","CIGI.CT.Equity","X4523.JT.Equity","AEM.CT.Equity","GWO.CT.Equity","TTKOM.TI.Equity","X6857.JT.Equity","SAPTCO.AB.Equity","X600600.CH.Equity","X5201.JT.Equity","BK.UN.Equity","BAWAN.AB.Equity","GPC.UN.Equity","DHER.GY.Equity","AI.FP.Equity","TFG.SJ.Equity","HAL.UN.Equity",,"FTS.CT.Equity",
"57","BGN.IM.Equity","COL.SM.Equity","X4543.JT.Equity","AGI.CT.Equity","HDFCLIFE.IS.Equity","VOD.LN.Equity","X6971.JT.Equity","SEERA.AB.Equity","X600809.CH.Equity","X5202.JT.Equity","BLK.UN.Equity","BDGI.CT.Equity","HMCL.IS.Equity","DHI.UN.Equity","AKE.FP.Equity","TKNSA.TI.Equity","HES.UN.Equity",,"HER.IM.Equity",
"58","BJAZ.AB.Equity","CRES.AR.Equity","X4568.JT.Equity","AGL.SJ.Equity","HIG.UN.Equity","VOD.SJ.Equity","X6976.JT.Equity","SKC.AT.Equity","X600887.CH.Equity","X5214.JT.Equity","BMED.IM.Equity","BKW.AT.Equity","KARSN.TI.Equity","DOO.CT.Equity","ALB.UN.Equity","TRU.SJ.Equity","IMO.CT.Equity",,"HYDR.RX.Equity",
"59","BJBR.IJ.Equity","CRR.U.CT.Equity","X4578.JT.Equity","AKSA.TI.Equity","IAG.AT.Equity","VZ.UN.Equity","X6981.JT.Equity","SUI.SJ.Equity","A2M.AT.Equity","X5333.JT.Equity","BOLSAA.MF.Equity","BLD.AT.Equity","LNR.CT.Equity","EA.UW.Equity","ALCO.AB.Equity","WALMEX..MF.Equity","IOCL.IS.Equity",,"IBE.SM.Equity",
"60","BJTM.IJ.Equity","CRT.U.CT.Equity","X600079.CH.Equity","ALRS.RX.Equity","IAG.CT.Equity","ZAINKSA.AB.Equity","X700.HK.Equity","SW.FP.Equity","AALI.IJ.Equity","X5631.JT.Equity","BR.UN.Equity","BRPT.IJ.Equity","MBG.GY.Equity","EBAY.UW.Equity","ALKIM.TI.Equity","WES.AT.Equity","IPEKE.TI.Equity",,"IG.IM.Equity",
"61","BKT.SM.Equity","CSH.U.CT.Equity","X600085.CH.Equity","ALUA.AR.Equity","IFC.CT.Equity",,"X7735.JT.Equity","TAH.AT.Equity","ABF.LN.Equity","X5711.JT.Equity","BRK.B.UN.Equity","BZU.IM.Equity","MG.CT.Equity","EIM.IS.Equity","APD.UN.Equity","WHL.SJ.Equity","KCHOL.TI.Equity",,"INE.CT.Equity",
"62","BMA.AR.Equity","CTRA.IJ.Equity","X600161.CH.Equity","AMS.SJ.Equity","JAZTAKAF.AB.Equity",,"X7751.JT.Equity","TECO.AB.Equity","ABI.BB.Equity","X5801.JT.Equity","BYMA.AR.Equity","CEMEXCPO.MF.Equity","MIRG.AR.Equity","EL.UN.Equity","APPC.AB.Equity","WMT.UN.Equity","KEY.CT.Equity",,"IRAO.RX.Equity",
"63","BMO.CT.Equity","CUF.U.CT.Equity","X600196.CH.Equity","ANG.SJ.Equity","LBH.SJ.Equity",,"X7752.JT.Equity","THYAO.TI.Equity","AC..MF.Equity","X5803.JT.Equity","CBOE.UF.Equity","CIM.AT.Equity","ML.FP.Equity","GIL.CT.Equity","BAS.GY.Equity","ZAL.GY.Equity","LKOH.RX.Equity",,"NG..LN.Equity",
"64","BMRI.IJ.Equity","DERAYAHR.AB.Equity","X600276.CH.Equity","ANTM.IJ.Equity","LGEN.LN.Equity",,"X8035.JT.Equity","TSG.SJ.Equity","ADM.UN.Equity","X600009.CH.Equity","CF.CT.Equity","CIMSA.TI.Equity","MM.IS.Equity","GOOS.CT.Equity","BCI.AB.Equity",,"MEG.CT.Equity",,"NGIC.AB.Equity",
"65","BNGA.IJ.Equity","DILD.IJ.Equity","X600332.CH.Equity","ANTO.LN.Equity","MALATH.AB.Equity",,"X9613.JT.Equity","VOLARA.MF.Equity","AEFES.TI.Equity","X600018.CH.Equity","CFIN.IJ.Equity","CITYC.AB.Equity","MRE.CT.Equity","GRMN.UN.Equity","BNR.GY.Equity",,"NVTK.RX.Equity",,"NPI.CT.Equity",
"66","BNII.IJ.Equity","DIR.U.CT.Equity","X600436.CH.Equity","APCO.AB.Equity","MAP.SM.Equity",,"AAPL.UW.Equity","WTB.LN.Equity","ALMARAI.AB.Equity","X600031.CH.Equity","CIX.CT.Equity","CRH.ID.Equity","MSIL.IS.Equity","GSY.CT.Equity","CE.UN.Equity",,"ONGC.IS.Equity",,"NTGY.SM.Equity",
"67","BNP.FP.Equity","DLR.UN.Equity","X600763.CH.Equity","ARI.SJ.Equity","MEDGULF.AB.Equity",,"ADBE.UW.Equity",,"ANH.SJ.Equity","X600143.CH.Equity","CME.UW.Equity","CRH.LN.Equity","MTA.SJ.Equity","GUD.AT.Equity","CF.UN.Equity",,"PETROR.AB.Equity",,"NTPC.IS.Equity",
"68","BNS.CT.Equity","DMAS.IJ.Equity","X601607.CH.Equity","ASLAK.AB.Equity","MFC.CT.Equity",,"ADI.UW.Equity",,"ARL.SJ.Equity","X600406.CH.Equity","CML.SJ.Equity","CSR.AT.Equity","PAH3.GY.Equity","HAS.UW.Equity","CHEMANOL.AB.Equity",,"PEY.CT.Equity",,"ODAS.TI.Equity",
"69","BPE.IM.Equity","DRE.UN.Equity","X7733.JT.Equity","AVY.UN.Equity","MPL.AT.Equity",,"ADSK.UW.Equity",,"ASACO.AB.Equity","X600660.CH.Equity","COME.AR.Equity","DG.FP.Equity","PARSN.TI.Equity","HEN3.GY.Equity","CLPI.IJ.Equity",,"PKI.CT.Equity",,"ORG.AT.Equity",
"70","BRIS.IJ.Equity","D.U.CT.Equity","A.UN.Equity","AWC.AT.Equity","MTM.SJ.Equity",,"AEL.SJ.Equity",,"AVI.SJ.Equity","X600760.CH.Equity","CPU.AT.Equity","DOW.AT.Equity","PIRC.IM.Equity","KER.FP.Equity","CRDA.LN.Equity",,"POU.CT.Equity",,"PAMP.AR.Equity",
"71","BSFR.AB.Equity","EKGYO.TI.Equity","ABBV.UN.Equity","BHP.AT.Equity","MUV2.GY.Equity",,"AKAM.UW.Equity",,"BATS.LN.Equity","X600872.CH.Equity","DB1.GY.Equity","DSNG.IJ.Equity","RACE.IM.Equity","KOZAA.TI.Equity","DOW.UN.Equity",,"PPL.CT.Equity",,"PWGR.IS.Equity",
"72","BTPN.IJ.Equity","EMAAR.AB.Equity","ABMD.UW.Equity","BRYAT.TI.Equity","NHF.AT.Equity",,"AKE.AT.Equity",,"BEEF.IJ.Equity","X600893.CH.Equity","ECN.CT.Equity","EACCO.AB.Equity","RNO.FP.Equity","L4L.SJ.Equity","ECL.UN.Equity",,"PSK.CT.Equity",,"REE.SM.Equity",
"73","BTPS.IJ.Equity","EMI.SJ.Equity","ABT.UN.Equity","BSL.AT.Equity","OMU.SJ.Equity",,"ALU.AT.Equity",,"BF.B.UN.Equity","X601006.CH.Equity","ELEKTRA..MF.Equity","EN.FP.Equity","SACO.AB.Equity","LAZURDE.AB.Equity","EKAD.IJ.Equity",,"PXT.CT.Equity",,"RNW.CT.Equity",
"74","C.UN.Equity","EPP.SJ.Equity","ACB.CT.Equity","BTO.CT.Equity","PHNX.LN.Equity",,"AMAT.UW.Equity",,"BIMBOA.MF.Equity","X601100.CH.Equity","ENX.FP.Equity","ENKAI.TI.Equity","STLA.IM.Equity","MC.FP.Equity","EMN.UN.Equity",,"REP.SM.Equity",,"RSTI.RX.Equity",
"75","CABK.SM.Equity","EQIX.UW.Equity","AIP.SJ.Equity","CAS.CT.Equity","POW.CT.Equity",,"AMD.UW.Equity",,"BISI.IJ.Equity","X601360.CH.Equity","EQB.CT.Equity","FBHS.UN.Equity","TOASO.TI.Equity","MONC.IM.Equity","FMC.UN.Equity",,"RIL.IS.Equity",,"RWE.GY.Equity",
"76","CBA.AT.Equity","EQR.UN.Equity","ALGN.UW.Equity","CEMAS.TI.Equity","PRU.LN.Equity",,"AMS.SM.Equity",,"BN.FP.Equity","X601766.CH.Equity","EXO.IM.Equity","FBU.AT.Equity","TTMT.IS.Equity","NCLE.AB.Equity","GUBRF.TI.Equity",,"ROSN.RX.Equity",,"SECO.AB.Equity",
"77","CFG.UN.Equity","EQU.SJ.Equity","ALHAMMAD.AB.Equity","CFP.CT.Equity","PST.IM.Equity",,"ANSS.UW.Equity",,"BRIT.IS.Equity","X601877.CH.Equity","FDS.UN.Equity","FDR.SM.Equity","VOW3.GY.Equity","NKE.UN.Equity","HEKTS.TI.Equity",,"SARCO.AB.Equity",,"SGM.AT.Equity",
"78","CM.CT.Equity","ESS.UN.Equity","ALM.SM.Equity","CG.CT.Equity","Q..MF.Equity",,"APH.UN.Equity",,"BTI.SJ.Equity","X6098.JT.Equity","GBLB.BB.Equity","FER.SM.Equity",,"PLC.CT.Equity","IFF.UN.Equity",,"SES.CT.Equity",,"SLR.SM.Equity",
"79","CMA.UN.Equity","EXR.UN.Equity","AMGN.UW.Equity","CHMF.RX.Equity","SABBT.AB.Equity",,"APX.AT.Equity",,"BUDI.IJ.Equity","X6103.JT.Equity","GLYHO.TI.Equity","FGR.FP.Equity",,"PSN.LN.Equity","IPL.AT.Equity",,"SGRE.SM.Equity",,"SPB.CT.Equity",
"80","CPI.SJ.Equity","FCR.U.CT.Equity","AMP.IM.Equity","CIA.AT.Equity","SAGR.AB.Equity",,"AUTO.LN.Equity",,"BWPT.IJ.Equity","X6113.JT.Equity","GOZDE.TI.Equity","GCC..MF.Equity",,"PUM.GY.Equity","KAYAN.AB.Equity",,"SHEL.LN.Equity",,"SSE.LN.Equity",
"81","CWB.CT.Equity","FFA.SJ.Equity","ANN.AT.Equity","CS.CT.Equity","SAICO.AB.Equity",,"AVGO.UW.Equity",,"CAG.UN.Equity","X6301.JT.Equity","GS.UN.Equity","GRASIM.IS.Equity",,"RBA.CT.Equity","KORDS.TI.Equity",,"SNGS.RX.Equity",,"SVT.LN.Equity",
"82","DBK.GY.Equity","FFB.SJ.Equity","ANTM.UN.Equity","DKFT.IJ.Equity","SALAMA.AB.Equity",,"AVST.LN.Equity",,"CAMP.IJ.Equity","X6302.JT.Equity","HCG.CT.Equity","HARG.AR.Equity",,"SCH.AB.Equity","LIN.GY.Equity",,"SNGSP.RX.Equity",,"TA.CT.Equity",
"83","DFS.UN.Equity","FRT.UN.Equity","APN.SJ.Equity","DML.CT.Equity","SAUDIRE.AB.Equity",,"AVV.LN.Equity",,"CCH.LN.Equity","X6305.JT.Equity","HCI.SJ.Equity","HCC.AB.Equity",,"SHAKER.AB.Equity","MX.CT.Equity",,"SOL.AT.Equity",,"TRAN.AR.Equity",
"84","FBK.IM.Equity","FSV.CT.Equity","ARGX.BB.Equity","DPM.CT.Equity","SBILIFE.IS.Equity",,"BB.CT.Equity",,"CCOLA.TI.Equity","X6326.JT.Equity","HDFC.IS.Equity","HEI.GY.Equity",,"SK.FP.Equity","NIC.AB.Equity",,"SPM.IM.Equity",,"TRN.IM.Equity",
"85","FITB.UW.Equity","FTB.SJ.Equity","AZN.LN.Equity","DRD.SJ.Equity","SHIELD.AB.Equity",,"CAP.FP.Equity",,"CEKA.IJ.Equity","X6361.JT.Equity","HL..LN.Equity","JHX.AT.Equity",,"TOY.CT.Equity","NTR.CT.Equity",,"SRG.IM.Equity",,"UU..LN.Equity",
"86","FRC.UN.Equity","GFC.FP.Equity","BAX.UN.Equity","EDR.CT.Equity","SLF.CT.Equity",,"CDAY.UN.Equity",,"CLEO.IJ.Equity","X6479.JT.Equity","HUB.AT.Equity","JOUF.AB.Equity",,"TTAN.IS.Equity","NUF.AT.Equity",,"STO.AT.Equity",,"VIE.FP.Equity",
"87","FSR.SJ.Equity","GMG.AT.Equity","BAYN.GY.Equity","EFR.CT.Equity","SLM.SJ.Equity",,"CDNS.UW.Equity",,"CPB.UN.Equity","X6501.JT.Equity","ICE.UN.Equity","KSP.ID.Equity",,"TW..LN.Equity","OMN.SJ.Equity",,"SU.CT.Equity",,"WCN.CT.Equity",
"88","GARAN.TI.Equity","GRT.SJ.Equity","BDX.UN.Equity","ELD.CT.Equity","SNT.SJ.Equity",,"CDW.UW.Equity",,"CPIN.IJ.Equity","X6503.JT.Equity","ICP.LN.Equity","LOMA.AR.Equity",,"UBI.FP.Equity","PETKM.TI.Equity",,"TATN.RX.Equity",,"ZOREN.TI.Equity",
"89","GFINBURO.MF.Equity","GRT.U.CT.Equity","BHC.CT.Equity","ERBOS.TI.Equity","SUN.AT.Equity",,"CLS.CT.Equity",,"CPR.IM.Equity","X6504.JT.Equity","IFL.AT.Equity","LT.IS.Equity",,"VESBE.TI.Equity","PETROCH.AB.Equity",,"TATNP.RX.Equity",,,
"90","GFNORTEO.MF.Equity","HMN.SJ.Equity","BIIB.UW.Equity","EREGL.TI.Equity","TAWUNIYA.AB.Equity",,"CRM.UN.Equity",,"CUERVO..MF.Equity","X6506.JT.Equity","IGM.CT.Equity","MCDCO.AB.Equity",,"VESTL.TI.Equity","PHOR.RX.Equity",,"TEN.IM.Equity",,,
"91","GGAL.AR.Equity","HR.U.CT.Equity","BIM.FP.Equity","ERO.CT.Equity","TRV.UN.Equity",,"CSU.CT.Equity",,"DGE.LN.Equity","X66.HK.Equity","III.LN.Equity","MUR.SJ.Equity",,"YATAS.TI.Equity","SABIC.AB.Equity",,"TGNO4.AR.Equity",,,
"92","GLE.FP.Equity","HYP.SJ.Equity","BIO.UN.Equity","EVN.AT.Equity","TURSG.TI.Equity",,"CTSH.UW.Equity",,"DGH.SJ.Equity","X6674.JT.Equity","IRE.AT.Equity","NGCO.AB.Equity",,"ZZZ.CT.Equity","SAFCO.AB.Equity",,"TGSU2.AR.Equity",,,
"93","HALKB.TI.Equity","IAP.SJ.Equity","BMY.UN.Equity","EVR.LN.Equity","UCA.AB.Equity",,"CTXS.UW.Equity",,"DSFI.IJ.Equity","X6841.JT.Equity","ISFIN.TI.Equity","NORTHCEM.AB.Equity",,,"SASA.TI.Equity",,"TOU.CT.Equity",,,
"94","HBAN.UW.Equity","IIP.U.CT.Equity","BSX.UN.Equity","FAST.UW.Equity","UNI.IM.Equity",,"DHG.AT.Equity",,"FEMSAUBD.MF.Equity","X6861.JT.Equity","ISMEN.TI.Equity","OYAKC.TI.Equity",,,"SIIG.AB.Equity",,"TRNFP.RX.Equity",,,
"95","HDFCB.IS.Equity","IPF.SJ.Equity","CAH.UN.Equity","FCX.UN.Equity","WALAA.AB.Equity",,"DSG.CT.Equity",,"FPCO.AB.Equity","X6954.JT.Equity","JHG.AT.Equity","PINFRA..MF.Equity",,,"SIPCHEM.AB.Equity",,"TRP.CT.Equity",,,
"96","HSBA.LN.Equity","IRM.UN.Equity","CARE.AB.Equity","FM.CT.Equity","WATAN.AB.Equity",,"DSY.FP.Equity",,"GACO.AB.Equity","X7003.JT.Equity","JSE.SJ.Equity","PPC.SJ.Equity",,,"SOL.SJ.Equity",,"TTE.FP.Equity",,,
"97","ICICIBC.IS.Equity","ISGYO.TI.Equity","CERN.UW.Equity","FMG.AT.Equity",,,"DTC.SJ.Equity",,"GIS.UN.Equity","X7011.JT.Equity","KST.SJ.Equity","QACCO.AB.Equity",,,"SOLB.BB.Equity",,"TUPRS.TI.Equity",,,
"98","IIB.IS.Equity","JADWA.AB.Equity","CHEMICAL.AB.Equity","FNV.CT.Equity",,,"DXC.UN.Equity",,"GIZACO.AB.Equity","X7012.JT.Equity","LSEG.LN.Equity","RBX.SJ.Equity",,,"SY1.GY.Equity",,"TVE.CT.Equity",,,
"99","INL.SJ.Equity","JADWAREI.AB.Equity","CI.UN.Equity","FR.CT.Equity",,,"ENGH.CT.Equity",,"GNC.AT.Equity","X7013.JT.Equity","MB.IM.Equity","RWC.AT.Equity",,,"UMI.BB.Equity",,"VEA.AT.Equity",,,
"100","INP.SJ.Equity","JOMAR.AB.Equity","CIPLA.IS.Equity","FRES.LN.Equity",,,"EPAM.UN.Equity",,"GRUMAB.MF.Equity","X7202.JT.Equity","MOEX.RX.Equity","SAAC.AB.Equity",,,"UPLL.IS.Equity",,"VET.CT.Equity",,,
"101","ISCTR.TI.Equity","KEC.AB.Equity","CNC.UN.Equity","FVI.CT.Equity",,,"FB.UW.Equity",,"HB.AB.Equity","X7205.JT.Equity","NWL.AT.Equity","SACCO.AB.Equity",,,"YANSAB.AB.Equity",,"WCP.CT.Equity",,,
"102","ISP.IM.Equity","KINGDOM.AB.Equity","COO.UN.Equity","GFI.SJ.Equity",,,"FFIV.UW.Equity",,"HRL.UN.Equity","X7911.JT.Equity","ONEX.CT.Equity","SCERCO.AB.Equity",,,,,"WHC.AT.Equity",,,
"103","JPM.UN.Equity","KMP.U.CT.Equity","CRL.UN.Equity","GLEN.LN.Equity",,,"FTNT.UW.Equity",,"HSY.UN.Equity","X7912.JT.Equity","PDL.AT.Equity","SGO.FP.Equity",,,,,"WPL.AT.Equity",,,
"104","KBC.BB.Equity","L2D.SJ.Equity","CRON.CT.Equity","GLN.SJ.Equity",,,"GIB.A.CT.Equity",,"IMB.LN.Equity","X8001.JT.Equity","PMV.AT.Equity","SNC.CT.Equity",,,,,"YPFD.AR.Equity",,,
"105","KMB.IS.Equity","LAND.LN.Equity","CSL.AT.Equity","GMEXICOB.MF.Equity",,,"GLW.UN.Equity",,"ING.AT.Equity","X8002.JT.Equity","PNI.AT.Equity","SOCCO.AB.Equity",,,,,,,,
"106","LB.CT.Equity","LIC.AT.Equity","CTLT.UN.Equity","GMKN.RX.Equity",,,"GOOG.UW.Equity",,"ITC.IS.Equity","X8015.JT.Equity","PPT.AT.Equity","SRCM.IS.Equity",,,,,,,,
"107","LLOY.LN.Equity","LSRG.RX.Equity","CUV.AT.Equity","GOR.AT.Equity",,,"GOOGL.UW.Equity",,"JADCO.AB.Equity","X8031.JT.Equity","PSG.SJ.Equity","STN.CT.Equity",,,,,,,,
"108","NED.SJ.Equity","LTE.SJ.Equity","DALLAH.AB.Equity","H.CT.Equity",,,"HCLT.IS.Equity",,"KERVT.TI.Equity","X8053.JT.Equity","PSH.LN.Equity","SVCP.AB.Equity",,,,,,,,
"109","NWG.LN.Equity","MAATHER.AB.Equity","DEVA.TI.Equity","HAR.SJ.Equity",,,"HPE.UN.Equity",,"KO.UN.Equity","X8058.JT.Equity","PTM.AT.Equity","TACCO.AB.Equity",,,,,,,,
"110","RA.MF.Equity","MEFIC.AB.Equity","DGX.UN.Equity","HBM.CT.Equity",,,"HPQ.UN.Equity",,"KOFUBL.MF.Equity","X8253.JT.Equity","QLT.SJ.Equity","TKFEN.TI.Equity",,,,,,,,
"111","RIBL.AB.Equity","MLI.SJ.Equity","DHR.UN.Equity","HNDL.IS.Equity",,,"IBM.UN.Equity",,"KYGA.ID.Equity","X868.HK.Equity","REM.SJ.Equity","UACC.AB.Equity",,,,,,,,
"112","RJHI.AB.Equity","MRL.SM.Equity","DIA.IM.Equity","IFP.CT.Equity",,,"IDR.SM.Equity",,"LBR.SJ.Equity","X9001.JT.Equity","RMI.SJ.Equity","UTCEM.IS.Equity",,,,,,,,
"113","RY.CT.Equity","MSP.SJ.Equity","DIVI.IS.Equity","IGO.AT.Equity",,,"IFX.GY.Equity",,"MFI.CT.Equity","X9005.JT.Equity","RNI.SJ.Equity","WBO.SJ.Equity",,,,,,,,
"114","SAB.SM.Equity","MULKIA.AB.Equity","DPH.LN.Equity","ILU.AT.Equity",,,"INDES.TI.Equity",,"NEST.IS.Equity","X9007.JT.Equity","SAHOL.TI.Equity","WOR.AT.Equity",,,,,,,,
"115","SABB.AB.Equity","MUSHREIT.AB.Equity","DRRD.IS.Equity","IMG.CT.Equity",,,"INFO.IS.Equity",,"OCE.SJ.Equity","X9009.JT.Equity","SAIC.AB.Equity","WSP.CT.Equity",,,,,,,,
"116","SAN.SM.Equity","NRP.SJ.Equity","DVA.UN.Equity","IMP.SJ.Equity",,,"INTC.UW.Equity",,"PRMW.CT.Equity","X9020.JT.Equity","SDR.LN.Equity","YACCO.AB.Equity",,,,,,,,
"117","SBER.RX.Equity","NWH.U.CT.Equity","DXCM.UW.Equity","IP.UN.Equity",,,"INTU.UW.Equity",,"RCO.FP.Equity","X9021.JT.Equity","SIDC.AB.Equity","YNCCO.AB.Equity",,,,,,,,
"118","SBERP.RX.Equity","PIKK.RX.Equity","ECILC.TI.Equity","ISDMR.TI.Equity",,,"IPGP.UW.Equity",,"RFG.SJ.Equity","X9022.JT.Equity","SII.CT.Equity","ZIIC.AB.Equity",,,,,,,,
"119","SBIN.IS.Equity","RDF.SJ.Equity","EL.FP.Equity","IVN.CT.Equity",,,"KXS.CT.Equity",,"RI.FP.Equity","X9064.JT.Equity","SMT.LN.Equity",,,,,,,,,
"120","SBK.SJ.Equity","REA.AT.Equity","ERF.FP.Equity","IZMDC.TI.Equity",,,"LOGO.TI.Equity",,"SADAFCO.AB.Equity","X9101.JT.Equity","STJ.LN.Equity",,,,,,,,,
"121","SIBC.AB.Equity","REDSEA.AB.Equity","EW.UN.Equity","JSTL.IS.Equity",,,"LSPD.CT.Equity",,"SAP.CT.Equity","X9104.JT.Equity","TCP.SJ.Equity",,,,,,,,,
"122","SKBNK.TI.Equity","REI.U.CT.Equity","FME.GY.Equity","K.CT.Equity",,,"MESC.AB.Equity",,"SAVOLA.AB.Equity","X9107.JT.Equity","TRI.CT.Equity",,,,,,,,,
"123","SNB.AB.Equity","RES.SJ.Equity","FPH.AT.Equity","KIO.SJ.Equity",,,"MSFT.UW.Equity",,"SFICO.AB.Equity","X9147.JT.Equity","VERUS.TI.Equity",,,,,,,,,
"124","STAN.LN.Equity","RMV.LN.Equity","FRE.GY.Equity","KOZAL.TI.Equity",,,"NPN.SJ.Equity",,"TAACO.AB.Equity","X9301.JT.Equity","X.CT.Equity",,,,,,,,,
"125","SUPV.AR.Equity","RYDREIT.AB.Equity","GILD.UW.Equity","KRDMD.TI.Equity",,,"OTEX.CT.Equity",,"TATACONS.IS.Equity","X9735.JT.Equity","ZED.SJ.Equity",,,,,,,,,
"126","TD.CT.Equity","SAC.SJ.Equity","GRF.SM.Equity","LAC.CT.Equity",,,"PME.AT.Equity",,"TBS.SJ.Equity","ABBA.IJ.Equity",,,,,,,,,,
"127","TSKB.TI.Equity","SCG.AT.Equity","GSK.LN.Equity","LIF.CT.Equity",,,"SAP.GY.Equity",,"TWE.AT.Equity","ACN.UN.Equity",,,,,,,,,,
"128","UCG.IM.Equity","SEDCO.AB.Equity","HCA.UN.Equity","LUN.CT.Equity",,,"SGE.LN.Equity",,"ULKER.TI.Equity","ADP.FP.Equity",,,,,,,,,,
"129","VAKBN.TI.Equity","SGP.AT.Equity","HIK.LN.Equity","LYC.AT.Equity",,,"SHOP.CT.Equity",,,"ADP.UW.Equity",,,,,,,,,,
"130","VTBR.RX.Equity","SGRO.LN.Equity","HLS.AT.Equity","MAADEN.AB.Equity",,,"STM.FP.Equity",,,"ADSEZ.IS.Equity",,,,,,,,,,
"131","VUK.AT.Equity","SICOSAUD.AB.Equity","HOLX.UW.Equity","MAG.CT.Equity",,,"STM.IM.Equity",,,"AGHOL.TI.Equity",,,,,,,,,,
"132","WFG.CT.Equity","SMU.U.CT.Equity","HSIC.UW.Equity","MAGN.RX.Equity",,,"TCS.IS.Equity",,,"AHT.LN.Equity",,,,,,,,,,
"133","YKBNK.TI.Equity","SRE.SJ.Equity","HUM.UN.Equity","MEPC.AB.Equity",,,"TECHM.IS.Equity",,,"AIR.FP.Equity",,,,,,,,,,
"134",,"SRECO.AB.Equity","IDXX.UW.Equity","MIN.AT.Equity",,,"TNE.AT.Equity",,,"AIR.GY.Equity",,,,,,,,,,
"135",,"SRU.U.CT.Equity","ILMN.UW.Equity","MTLR.RX.Equity",,,"WPRO.IS.Equity",,,"ALFAA.MF.Equity",,,,,,,,,,
"136",,"SSS.SJ.Equity","INCY.UW.Equity","MTLRP.RX.Equity",,,"XRO.AT.Equity",,,"ALLE.UN.Equity",,,,,,,,,,
"137",,"SWICORP.AB.Equity","IQV.UN.Equity","MTS.SM.Equity",,,"YNDX.RX.Equity",,,"ALO.FP.Equity",,,,,,,,,,
"138",,"TAIBA.AB.Equity","JNJ.UN.Equity","NG.CT.Equity",,,,,,"ALOMRAN.AB.Equity",,,,,,,,,,
"139",,"TALEEM.AB.Equity","LABB.MF.Equity","NGD.CT.Equity",,,,,,"ALQ.AT.Equity",,,,,,,,,,
"140",,"TCN.CT.Equity","LHC.SJ.Equity","NLMK.RX.Equity",,,,,,"AMC.AT.Equity",,,,,,,,,,
"141",,"TRGYO.TI.Equity","MEH.AB.Equity","NMMCC.AB.Equity",,,,,,"AME.UN.Equity",,,,,,,,,,
"142",,"URW.AT.Equity","MEI.SJ.Equity","NPH.SJ.Equity",,,,,,"APNT.IS.Equity",,,,,,,,,,
"143",,"VCX.AT.Equity","MOUWASAT.AB.Equity","NXE.CT.Equity",,,,,,"ASELS.TI.Equity",,,,,,,,,,
"144",,"VESTA..MF.Equity","MRK.GY.Equity","OGC.CT.Equity",,,,,,"ASURB.MF.Equity",,,,,,,,,,
"145",,"VKE.SJ.Equity","MRK.UN.Equity","OR.CT.Equity",,,,,,"ATA.CT.Equity",,,,,,,,,,
"146",,"WPR.AT.Equity","NTC.SJ.Equity","OSK.CT.Equity",,,,,,"ATL.IM.Equity",,,,,,,,,,
"147",,,"PHM.SM.Equity","OZL.AT.Equity",,,,,,"ATTMCO.AB.Equity",,,,,,,,,,
"148",,,"QIA.GY.Equity","PAAS.CT.Equity",,,,,,"AXP.UN.Equity",,,,,,,,,,
"149",,,"REC.IM.Equity","PAN.SJ.Equity",,,,,,"AZJ.AT.Equity",,,,,,,,,,
"150",,,"RICH.AR.Equity","PE.OLES..MF.Equity",,,,,,"BA.UN.Equity",,,,,,,,,,
"151",,,"RMD.AT.Equity","PLZL.RX.Equity",,,,,,"BA..LN.Equity",,,,,,,,,,
"152",,,"ROVI.SM.Equity","POLY.LN.Equity",,,,,,"BATIC.AB.Equity",,,,,,,,,,
"153",,,"RTALB.TI.Equity","POLY.RX.Equity",,,,,,"BAW.SJ.Equity",,,,,,,,,,
"154",,,"SAN.FP.Equity","PVG.CT.Equity",,,,,,"BBD.B.CT.Equity",,,,,,,,,,
"155",,,"SELEC.TI.Equity","RBP.SJ.Equity",,,,,,"BERA.TI.Equity",,,,,,,,,,
"156",,,"SHL.AT.Equity","RIO.AT.Equity",,,,,,"BLL.UN.Equity",,,,,,,,,,
"157",,,"SHL.GY.Equity","RIO.LN.Equity",,,,,,"BNZL.LN.Equity",,,,,,,,,,
"158",,,"SIA.CT.Equity","RRL.AT.Equity",,,,,,"BULL.IJ.Equity",,,,,,,,,,
"159",,,"SN..LN.Equity","RUS.CT.Equity",,,,,,"BVI.FP.Equity",,,,,,,,,,
"160",,,"SPIMACO.AB.Equity","S32.AT.Equity",,,,,,"BVT.SJ.Equity",,,,,,,,,,
"161",,,"SRT3.GY.Equity","SAP.SJ.Equity",,,,,,"BXB.AT.Equity",,,,,,,,,,
"162",,,"SUNP.IS.Equity","SARKY.TI.Equity",,,,,,"CAE.CT.Equity",,,,,,,,,,
"163",,,"UCB.BB.Equity","SEA.CT.Equity",,,,,,"CAT.UN.Equity",,,,,,,,,,
"164",,,"UNH.UN.Equity","SFR.AT.Equity",,,,,,"CATERING.AB.Equity",,,,,,,,,,
"165",,,"WEED.CT.Equity","SJ.CT.Equity",,,,,,"CCL.B.CT.Equity",,,,,,,,,,
"166",,,,"SLR.AT.Equity",,,,,,"CHRW.UW.Equity",,,,,,,,,,
"167",,,,"SSL.CT.Equity",,,,,,"CJT.CT.Equity",,,,,,,,,,
"168",,,,"SSP.AB.Equity",,,,,,"CMI.UN.Equity",,,,,,,,,,
"169",,,,"SSRM.CT.Equity",,,,,,"CNHI.IM.Equity",,,,,,,,,,
"170",,,,"SSW.SJ.Equity",,,,,,"CNR.CT.Equity",,,,,,,,,,
"171",,,,"STLC.CT.Equity",,,,,,"COF.UN.Equity",,,,,,,,,,
"172",,,,"SVM.CT.Equity",,,,,,"CP.CT.Equity",,,,,,,,,,
"173",,,,"TATA.IS.Equity",,,,,,"CSX.UW.Equity",,,,,,,,,,
"174",,,,"TECK.B.CT.Equity",,,,,,"CTAS.UW.Equity",,,,,,,,,,
"175",,,,"THA.SJ.Equity",,,,,,"DCC.LN.Equity",,,,,,,,,,
"176",,,,"TRMK.RX.Equity",,,,,,"DD.UN.Equity",,,,,,,,,,
"177",,,,"TRQ.CT.Equity",,,,,,"DE.UN.Equity",,,,,,,,,,
"178",,,,"TXAR.AR.Equity",,,,,,"DOHOL.TI.Equity",,,,,,,,,,
"179",,,,"TXG.CT.Equity",,,,,,"DOV.UN.Equity",,,,,,,,,,
"180",,,,"WDO.CT.Equity",,,,,,"DPW.GY.Equity",,,,,,,,,,
"181",,,,"WPM.CT.Equity",,,,,,"ECM.LN.Equity",,,,,,,,,,
"182",,,,"YAMAMAH.AB.Equity",,,,,,"EDEN.FP.Equity",,,,,,,,,,
"183",,,,"YRI.CT.Equity",,,,,,"EFN.CT.Equity",,,,,,,,,,
"184",,,,,,,,,,"EFX.UN.Equity",,,,,,,,,,
"185",,,,,,,,,,"EIC.AB.Equity",,,,,,,,,,
"186",,,,,,,,,,"EMR.UN.Equity",,,,,,,,,,
"187",,,,,,,,,,"ETN.UN.Equity",,,,,,,,,,
"188",,,,,,,,,,"EXPD.UW.Equity",,,,,,,,,,
"189",,,,,,,,,,"EXPN.LN.Equity",,,,,,,,,,
"190",,,,,,,,,,"FDX.UN.Equity",,,,,,,,,,
"191",,,,,,,,,,"FERG.LN.Equity",,,,,,,,,,
"192",,,,,,,,,,"FIPCO.AB.Equity",,,,,,,,,,
"193",,,,,,,,,,"FIS.UN.Equity",,,,,,,,,,
"194",,,,,,,,,,"FISV.UW.Equity",,,,,,,,,,
"195",,,,,,,,,,"FLT.UN.Equity",,,,,,,,,,
"196",,,,,,,,,,"FTT.CT.Equity",,,,,,,,,,
"197",,,,,,,,,,"FTV.UN.Equity",,,,,,,,,,
"198",,,,,,,,,,"GAPB.MF.Equity",,,,,,,,,,
"199",,,,,,,,,,"GCARSOA1.MF.Equity",,,,,,,,,,
"200",,,,,,,,,,"GD.UN.Equity",,,,,,,,,,
"201",,,,,,,,,,"GE.UN.Equity",,,,,,,,,,
"202",,,,,,,,,,"GND.SJ.Equity",,,,,,,,,,
"203",,,,,,,,,,"GNRC.UN.Equity",,,,,,,,,,
"204",,,,,,,,,,"GPN.UN.Equity",,,,,,,,,,
"205",,,,,,,,,,"GWW.UN.Equity",,,,,,,,,,
"206",,,,,,,,,,"HDC.SJ.Equity",,,,,,,,,,
"207",,,,,,,,,,"HII.UN.Equity",,,,,,,,,,
"208",,,,,,,,,,"HLMA.LN.Equity",,,,,,,,,,
"209",,,,,,,,,,"HO.FP.Equity",,,,,,,,,,
"210",,,,,,,,,,"HWM.UN.Equity",,,,,,,,,,
"211",,,,,,,,,,"IEX.UN.Equity",,,,,,,,,,
"212",,,,,,,,,,"INFO.UN.Equity",,,,,,,,,,
"213",,,,,,,,,,"IP.IM.Equity",,,,,,,,,,
"214",,,,,,,,,,"IPH.AT.Equity",,,,,,,,,,
"215",,,,,,,,,,"IPL.SJ.Equity",,,,,,,,,,
"216",,,,,,,,,,"IR.UN.Equity",,,,,,,,,,
"217",,,,,,,,,,"ITP.CT.Equity",,,,,,,,,,
"218",,,,,,,,,,"ITRK.LN.Equity",,,,,,,,,,
"219",,,,,,,,,,"KAP.SJ.Equity",,,,,,,,,,
"220",,,,,,,,,,"KARTN.TI.Equity",,,,,,,,,,
"221",,,,,,,,,,"LDO.IM.Equity",,,,,,,,,,
"222",,,,,,,,,,"LNK.AT.Equity",,,,,,,,,,
"223",,,,,,,,,,"LR.FP.Equity",,,,,,,,,,
"224",,,,,,,,,,"LWRK.CT.Equity",,,,,,,,,,
"225",,,,,,,,,,"MGGT.LN.Equity",,,,,,,,,,
"226",,,,,,,,,,"MMM.UN.Equity",,,,,,,,,,
"227",,,,,,,,,,"MNDI.LN.Equity",,,,,,,,,,
"228",,,,,,,,,,"MNP.SJ.Equity",,,,,,,,,,
"229",,,,,,,,,,"MRO.LN.Equity",,,,,,,,,,
"230",,,,,,,,,,"MTL.CT.Equity",,,,,,,,,,
"231",,,,,,,,,,"MTX.GY.Equity",,,,,,,,,,
"232",,,,,,,,,,"NFI.CT.Equity",,,,,,,,,,
"233",,,,,,,,,,"NMTP.RX.Equity",,,,,,,,,,
"234",,,,,,,,,,"NSCSA.AB.Equity",,,,,,,,,,
"235",,,,,,,,,,"OASIS.AB.Equity",,,,,,,,,,
"236",,,,,,,,,,"OMAB.MF.Equity",,,,,,,,,,
"237",,,,,,,,,,"ORA.AT.Equity",,,,,,,,,,
"238",,,,,,,,,,"ORBIA..MF.Equity",,,,,,,,,,
"239",,,,,,,,,,"OTKAR.TI.Equity",,,,,,,,,,
"240",,,,,,,,,,"PRY.IM.Equity",,,,,,,,,,
"241",,,,,,,,,,"RCH.CT.Equity",,,,,,,,,,
"242",,,,,,,,,,"RLO.SJ.Equity",,,,,,,,,,
"243",,,,,,,,,,"RMG.LN.Equity",,,,,,,,,,
"244",,,,,,,,,,"RR..LN.Equity",,,,,,,,,,
"245",,,,,,,,,,"RTO.LN.Equity",,,,,,,,,,
"246",,,,,,,,,,"SADR.AB.Equity",,,,,,,,,,
"247",,,,,,,,,,"SAF.FP.Equity",,,,,,,,,,
"248",,,,,,,,,,"SEK.AT.Equity",,,,,,,,,,
"249",,,,,,,,,,"SGS.AB.Equity",,,,,,,,,,
"250",,,,,,,,,,"SIE.GY.Equity",,,,,,,,,,
"251",,,,,,,,,,"SIECO.AB.Equity",,,,,,,,,,
"252",,,,,,,,,,"SISCO.AB.Equity",,,,,,,,,,
"253",,,,,,,,,,"SISE.TI.Equity",,,,,,,,,,
"254",,,,,,,,,,"SKG.ID.Equity",,,,,,,,,,
"255",,,,,,,,,,"SKG.LN.Equity",,,,,,,,,,
"256",,,,,,,,,,"SMDS.LN.Equity",,,,,,,,,,
"257",,,,,,,,,,"SMIN.LN.Equity",,,,,,,,,,
"258",,,,,,,,,,"SPG.SJ.Equity",,,,,,,,,,
"259",,,,,,,,,,"SPPC.AB.Equity",,,,,,,,,,
"260",,,,,,,,,,"SPX.LN.Equity",,,,,,,,,,
"261",,,,,,,,,,"SU.FP.Equity",,,,,,,,,,
"262",,,,,,,,,,"SVW.AT.Equity",,,,,,,,,,
"263",,,,,,,,,,"TAKWEEN.AB.Equity",,,,,,,,,,
"264",,,,,,,,,,"TAVHL.TI.Equity",,,,,,,,,,
"265",,,,,,,,,,"TCL.A.CT.Equity",,,,,,,,,,
"266",,,,,,,,,,"TEP.FP.Equity",,,,,,,,,,
"267",,,,,,,,,,"TFII.CT.Equity",,,,,,,,,,
"268",,,,,,,,,,"TIH.CT.Equity",,,,,,,,,,
"269",,,,,,,,,,"TTRAK.TI.Equity",,,,,,,,,,
"270",,,,,,,,,,"UWGN.RX.Equity",,,,,,,,,,
"271",,,,,,,,,,"V.UN.Equity",,,,,,,,,,
"272",,,,,,,,,,"WLN.FP.Equity",,,,,,,,,,
"273",,,,,,,,,,"WPK.CT.Equity",,,,,,,,,,
"274",,,,,,,,,,"WTE.CT.Equity",,,,,,,,,,
"275",,,,,,,,,,"ZOUJAJ.AB.Equity",,,,,,,,,,
